CREATE DATABASE  IF NOT EXISTS `cnpm` /*!40100 DEFAULT CHARACTER SET utf8mb4 COLLATE utf8mb4_0900_ai_ci */ /*!80016 DEFAULT ENCRYPTION='N' */;
USE `cnpm`;
-- MySQL dump 10.13  Distrib 8.0.34, for Win64 (x86_64)
--
-- Host: localhost    Database: cnpm
-- ------------------------------------------------------
-- Server version	8.2.0

/*!40101 SET @OLD_CHARACTER_SET_CLIENT=@@CHARACTER_SET_CLIENT */;
/*!40101 SET @OLD_CHARACTER_SET_RESULTS=@@CHARACTER_SET_RESULTS */;
/*!40101 SET @OLD_COLLATION_CONNECTION=@@COLLATION_CONNECTION */;
/*!50503 SET NAMES utf8 */;
/*!40103 SET @OLD_TIME_ZONE=@@TIME_ZONE */;
/*!40103 SET TIME_ZONE='+00:00' */;
/*!40014 SET @OLD_UNIQUE_CHECKS=@@UNIQUE_CHECKS, UNIQUE_CHECKS=0 */;
/*!40014 SET @OLD_FOREIGN_KEY_CHECKS=@@FOREIGN_KEY_CHECKS, FOREIGN_KEY_CHECKS=0 */;
/*!40101 SET @OLD_SQL_MODE=@@SQL_MODE, SQL_MODE='NO_AUTO_VALUE_ON_ZERO' */;
/*!40111 SET @OLD_SQL_NOTES=@@SQL_NOTES, SQL_NOTES=0 */;
set global log_bin_trust_function_creators = 1;

--
-- Table structure for table `account`
--

DROP TABLE IF EXISTS `account`;
/*!40101 SET @saved_cs_client     = @@character_set_client */;
/*!50503 SET character_set_client = utf8mb4 */;
CREATE TABLE `account` (
  `Name` varchar(50) NOT NULL COMMENT 'Tên đăng nhập',
  `Password` varchar(50) NOT NULL COMMENT 'Mật khẩu',
  `VaiTro` varchar(20) CHARACTER SET utf8mb3 COLLATE utf8mb3_general_ci NOT NULL COMMENT 'Chức vụ của chủ tài khoản : Tổ trưởng, tổ phó, kế toán',
  PRIMARY KEY (`Name`)
) ENGINE=InnoDB DEFAULT CHARSET=utf8mb4 COLLATE=utf8mb4_0900_ai_ci COMMENT='Tài khoản đăng nhập vào hệ thống';
/*!40101 SET character_set_client = @saved_cs_client */;

--
-- Dumping data for table `account`
--

LOCK TABLES `account` WRITE;
/*!40000 ALTER TABLE `account` DISABLE KEYS */;
INSERT INTO `account` VALUES ('ketoan','123','Kế toán'),('topho','123','Tổ phó'),('totruong','123','Tổ trưởng');
/*!40000 ALTER TABLE `account` ENABLE KEYS */;
UNLOCK TABLES;

--
-- Table structure for table `dongphi`
--

DROP TABLE IF EXISTS `dongphi`;
/*!40101 SET @saved_cs_client     = @@character_set_client */;
/*!50503 SET character_set_client = utf8mb4 */;
CREATE TABLE `dongphi` (
  `IDPhi` int NOT NULL,
  `HoKhauID` varchar(50) NOT NULL,
  `DaDong` int NOT NULL,
  `PhaiDong` int NOT NULL,
  PRIMARY KEY (`IDPhi`,`HoKhauID`),
  KEY `FK_HoKhauID_DongPhi_idx` (`HoKhauID`),
  CONSTRAINT `FK_HoKhauID_DongPhi` FOREIGN KEY (`HoKhauID`) REFERENCES `hokhau` (`SoHK`),
  CONSTRAINT `FK_IDPhi_DongPhi` FOREIGN KEY (`IDPhi`) REFERENCES `loaiphi` (`ID`)
) ENGINE=InnoDB DEFAULT CHARSET=utf8mb4 COLLATE=utf8mb4_0900_ai_ci;
/*!40101 SET character_set_client = @saved_cs_client */;

--
-- Dumping data for table `dongphi`
--

LOCK TABLES `dongphi` WRITE;
/*!40000 ALTER TABLE `dongphi` DISABLE KEYS */;
INSERT INTO `dongphi` VALUES (1,'1',217000,288000),(1,'10',167000,288000),(1,'100',34000,288000),(1,'101',197000,288000),(1,'102',231000,288000),(1,'103',39000,288000),(1,'104',103000,288000),(1,'105',123000,288000),(1,'106',41000,288000),(1,'107',56000,288000),(1,'108',180000,288000),(1,'109',198000,288000),(1,'11',25000,288000),(1,'110',116000,288000),(1,'111',216000,288000),(1,'112',135000,288000),(1,'113',239000,288000),(1,'114',56000,288000),(1,'115',24000,288000),(1,'116',58000,288000),(1,'117',257000,288000),(1,'118',31000,288000),(1,'119',143000,288000),(1,'12',271000,288000),(1,'120',91000,288000),(1,'121',275000,288000),(1,'122',105000,288000),(1,'123',204000,288000),(1,'124',247000,288000),(1,'125',219000,288000),(1,'126',190000,288000),(1,'127',215000,288000),(1,'128',285000,288000),(1,'129',266000,288000),(1,'13',158000,288000),(1,'130',104000,288000),(1,'131',286000,288000),(1,'132',269000,288000),(1,'133',271000,288000),(1,'134',40000,288000),(1,'135',210000,288000),(1,'136',160000,288000),(1,'137',182000,288000),(1,'138',20000,288000),(1,'139',27000,288000),(1,'14',93000,288000),(1,'140',142000,288000),(1,'141',39000,288000),(1,'142',239000,288000),(1,'143',224000,288000),(1,'144',144000,288000),(1,'145',12000,288000),(1,'146',135000,288000),(1,'147',76000,288000),(1,'148',104000,288000),(1,'149',129000,288000),(1,'15',53000,288000),(1,'150',160000,288000),(1,'151',77000,288000),(1,'152',141000,288000),(1,'153',194000,288000),(1,'154',265000,288000),(1,'155',9000,288000),(1,'156',19000,288000),(1,'157',245000,288000),(1,'158',249000,288000),(1,'159',261000,288000),(1,'16',14000,288000),(1,'160',92000,288000),(1,'161',111000,288000),(1,'162',104000,288000),(1,'163',120000,288000),(1,'164',44000,288000),(1,'165',105000,288000),(1,'166',35000,288000),(1,'167',46000,288000),(1,'168',90000,288000),(1,'169',40000,288000),(1,'17',28000,288000),(1,'170',140000,288000),(1,'171',221000,288000),(1,'172',275000,288000),(1,'173',45000,288000),(1,'174',190000,288000),(1,'175',154000,288000),(1,'176',113000,288000),(1,'177',15000,288000),(1,'178',234000,288000),(1,'179',6000,288000),(1,'18',220000,288000),(1,'180',284000,288000),(1,'181',237000,288000),(1,'182',122000,288000),(1,'183',271000,288000),(1,'184',153000,288000),(1,'185',143000,288000),(1,'186',258000,288000),(1,'187',256000,288000),(1,'188',92000,288000),(1,'189',140000,288000),(1,'19',271000,288000),(1,'190',183000,288000),(1,'191',198000,288000),(1,'192',44000,288000),(1,'193',104000,288000),(1,'194',220000,288000),(1,'195',61000,288000),(1,'196',205000,288000),(1,'197',2000,288000),(1,'198',74000,288000),(1,'199',26000,288000),(1,'2',11000,288000),(1,'20',263000,288000),(1,'200',68000,288000),(1,'201',6000,288000),(1,'202',286000,288000),(1,'203',148000,288000),(1,'204',265000,288000),(1,'205',57000,288000),(1,'206',150000,288000),(1,'207',24000,288000),(1,'208',44000,288000),(1,'209',76000,288000),(1,'21',37000,288000),(1,'210',101000,288000),(1,'211',88000,288000),(1,'212',272000,288000),(1,'213',11000,288000),(1,'214',236000,288000),(1,'215',92000,288000),(1,'216',99000,288000),(1,'217',148000,288000),(1,'218',195000,288000),(1,'219',20000,288000),(1,'22',18000,288000),(1,'220',228000,288000),(1,'221',117000,288000),(1,'222',36000,288000),(1,'223',69000,288000),(1,'224',185000,288000),(1,'225',257000,288000),(1,'226',270000,288000),(1,'227',106000,288000),(1,'228',58000,288000),(1,'229',189000,288000),(1,'23',212000,288000),(1,'230',247000,288000),(1,'231',140000,288000),(1,'232',88000,288000),(1,'233',90000,288000),(1,'234',153000,288000),(1,'235',70000,288000),(1,'236',39000,288000),(1,'237',259000,288000),(1,'238',20000,288000),(1,'239',74000,288000),(1,'24',271000,288000),(1,'240',269000,288000),(1,'241',169000,288000),(1,'242',161000,288000),(1,'243',44000,288000),(1,'244',95000,288000),(1,'245',28000,288000),(1,'246',249000,288000),(1,'247',112000,288000),(1,'248',171000,288000),(1,'249',248000,288000),(1,'25',186000,288000),(1,'250',219000,288000),(1,'26',230000,288000),(1,'27',191000,288000),(1,'28',131000,288000),(1,'29',277000,288000),(1,'3',170000,288000),(1,'30',153000,288000),(1,'31',150000,288000),(1,'32',144000,288000),(1,'33',197000,288000),(1,'34',90000,288000),(1,'35',41000,288000),(1,'36',84000,288000),(1,'37',249000,288000),(1,'38',214000,288000),(1,'39',4000,288000),(1,'4',283000,288000),(1,'40',177000,288000),(1,'41',80000,288000),(1,'42',239000,288000),(1,'43',137000,288000),(1,'44',109000,288000),(1,'45',99000,288000),(1,'46',97000,288000),(1,'47',189000,288000),(1,'48',60000,288000),(1,'49',66000,288000),(1,'5',121000,288000),(1,'50',108000,288000),(1,'51',282000,288000),(1,'52',244000,288000),(1,'53',43000,288000),(1,'54',150000,288000),(1,'55',142000,288000),(1,'56',117000,288000),(1,'57',221000,288000),(1,'58',226000,288000),(1,'59',178000,288000),(1,'6',144000,288000),(1,'60',65000,288000),(1,'61',194000,288000),(1,'62',256000,288000),(1,'63',153000,288000),(1,'64',66000,288000),(1,'65',57000,288000),(1,'66',10000,288000),(1,'67',152000,288000),(1,'68',205000,288000),(1,'69',60000,288000),(1,'7',146000,288000),(1,'70',178000,288000),(1,'71',255000,288000),(1,'72',252000,288000),(1,'73',80000,288000),(1,'74',56000,288000),(1,'75',246000,288000),(1,'76',30000,288000),(1,'77',52000,288000),(1,'78',221000,288000),(1,'79',225000,288000),(1,'8',204000,288000),(1,'80',36000,288000),(1,'81',258000,288000),(1,'82',55000,288000),(1,'83',154000,288000),(1,'84',154000,288000),(1,'85',156000,288000),(1,'86',115000,288000),(1,'87',101000,288000),(1,'88',136000,288000),(1,'89',62000,288000),(1,'9',52000,288000),(1,'90',51000,288000),(1,'91',99000,288000),(1,'92',186000,288000),(1,'93',198000,288000),(1,'94',261000,288000),(1,'95',65000,288000),(1,'96',109000,288000),(1,'97',236000,288000),(1,'98',30000,288000),(1,'99',117000,288000),(2,'107',287000,0),(2,'111',927000,0),(2,'147',610000,0),(2,'15',714000,0),(2,'164',627000,0),(2,'168',268000,0),(2,'18',538000,0),(2,'181',480000,0),(2,'192',598000,0),(2,'193',608000,0),(2,'203',598000,0),(2,'207',342000,0),(2,'213',289000,0),(2,'219',417000,0),(2,'230',419000,0),(2,'4',901000,0),(2,'42',244000,0),(2,'43',265000,0),(2,'52',588000,0),(2,'61',401000,0),(2,'81',981000,0),(2,'83',634000,0),(2,'87',761000,0),(3,'1',106000,0),(3,'101',308000,0),(3,'112',338000,0),(3,'121',835000,0),(3,'150',426000,0),(3,'157',811000,0),(3,'159',882000,0),(3,'165',572000,0),(3,'167',713000,0),(3,'177',190000,0),(3,'180',363000,0),(3,'194',825000,0),(3,'195',320000,0),(3,'20',673000,0),(3,'201',196000,0),(3,'208',531000,0),(3,'210',631000,0),(3,'220',603000,0),(3,'224',261000,0),(3,'229',758000,0),(3,'25',877000,0),(3,'26',812000,0),(3,'27',978000,0),(3,'28',161000,0),(3,'35',759000,0),(3,'40',815000,0),(3,'47',298000,0),(3,'62',582000,0),(3,'64',111000,0),(3,'69',283000,0),(3,'7',115000,0),(3,'78',654000,0),(3,'88',708000,0),(4,'102',689000,0),(4,'103',255000,0),(4,'113',304000,0),(4,'118',613000,0),(4,'120',610000,0),(4,'125',643000,0),(4,'130',926000,0),(4,'136',371000,0),(4,'14',397000,0),(4,'145',113000,0),(4,'148',425000,0),(4,'173',549000,0),(4,'179',566000,0),(4,'190',204000,0),(4,'2',155000,0),(4,'228',508000,0),(4,'233',397000,0),(4,'239',732000,0),(4,'244',112000,0),(4,'5',410000,0),(4,'51',653000,0),(4,'57',562000,0),(4,'59',337000,0),(4,'6',289000,0),(4,'66',409000,0),(4,'71',820000,0),(4,'73',397000,0),(4,'75',505000,0),(4,'8',592000,0),(4,'80',283000,0),(4,'85',936000,0),(4,'89',923000,0),(4,'90',972000,0),(4,'93',241000,0),(4,'96',988000,0),(4,'99',174000,0),(5,'110',269000,0),(5,'117',332000,0),(5,'124',426000,0),(5,'126',785000,0),(5,'132',522000,0),(5,'134',609000,0),(5,'138',858000,0),(5,'156',828000,0),(5,'170',969000,0),(5,'178',547000,0),(5,'182',854000,0),(5,'188',586000,0),(5,'197',368000,0),(5,'206',684000,0),(5,'22',257000,0),(5,'226',193000,0),(5,'232',641000,0),(5,'238',427000,0),(5,'247',377000,0),(5,'249',138000,0),(5,'30',162000,0),(5,'45',483000,0),(5,'53',953000,0),(5,'60',461000,0),(5,'86',307000,0),(5,'92',114000,0),(6,'100',385000,0),(6,'12',406000,0),(6,'129',242000,0),(6,'131',641000,0),(6,'151',522000,0),(6,'152',865000,0),(6,'154',623000,0),(6,'155',685000,0),(6,'162',922000,0),(6,'176',749000,0),(6,'183',806000,0),(6,'189',112000,0),(6,'209',149000,0),(6,'218',117000,0),(6,'223',305000,0),(6,'23',952000,0),(6,'235',197000,0),(6,'242',851000,0),(6,'29',284000,0),(6,'46',657000,0),(6,'49',490000,0),(6,'50',909000,0),(6,'54',368000,0),(6,'58',343000,0),(6,'79',157000,0),(6,'82',129000,0),(6,'94',802000,0),(7,'105',652000,0),(7,'106',651000,0),(7,'108',596000,0),(7,'127',822000,0),(7,'133',371000,0),(7,'137',715000,0),(7,'139',915000,0),(7,'140',125000,0),(7,'141',254000,0),(7,'142',687000,0),(7,'143',708000,0),(7,'149',388000,0),(7,'160',652000,0),(7,'166',261000,0),(7,'171',394000,0),(7,'172',683000,0),(7,'174',320000,0),(7,'175',135000,0),(7,'184',409000,0),(7,'185',139000,0),(7,'186',551000,0),(7,'191',825000,0),(7,'199',721000,0),(7,'202',606000,0),(7,'204',151000,0),(7,'212',311000,0),(7,'215',247000,0),(7,'221',786000,0),(7,'225',332000,0),(7,'227',229000,0),(7,'234',886000,0),(7,'240',448000,0),(7,'241',340000,0),(7,'245',425000,0),(7,'3',544000,0),(7,'36',250000,0),(7,'76',544000,0),(7,'77',159000,0),(7,'84',580000,0),(7,'9',283000,0),(8,'10',205000,0),(8,'109',598000,0),(8,'11',660000,0),(8,'114',874000,0),(8,'115',409000,0),(8,'144',356000,0),(8,'146',153000,0),(8,'16',375000,0),(8,'161',777000,0),(8,'19',472000,0),(8,'21',105000,0),(8,'211',910000,0),(8,'214',137000,0),(8,'216',716000,0),(8,'246',615000,0),(8,'248',154000,0),(8,'31',467000,0),(8,'32',999000,0),(8,'37',271000,0),(8,'38',286000,0),(8,'56',253000,0),(8,'65',329000,0),(8,'70',378000,0),(8,'72',649000,0),(8,'91',853000,0),(8,'97',372000,0),(9,'104',416000,0),(9,'116',255000,0),(9,'119',638000,0),(9,'122',531000,0),(9,'123',618000,0),(9,'128',758000,0),(9,'13',718000,0),(9,'135',606000,0),(9,'153',237000,0),(9,'158',898000,0),(9,'163',917000,0),(9,'169',611000,0),(9,'17',283000,0),(9,'187',377000,0),(9,'196',624000,0),(9,'198',267000,0),(9,'200',361000,0),(9,'205',603000,0),(9,'217',482000,0),(9,'222',303000,0),(9,'231',939000,0),(9,'236',983000,0),(9,'237',933000,0),(9,'24',308000,0),(9,'243',971000,0),(9,'250',425000,0),(9,'33',820000,0),(9,'34',701000,0),(9,'39',687000,0),(9,'41',662000,0),(9,'44',287000,0),(9,'48',843000,0),(9,'55',997000,0),(9,'63',682000,0),(9,'67',507000,0),(9,'68',459000,0),(9,'74',131000,0),(9,'95',261000,0),(9,'98',876000,0);
/*!40000 ALTER TABLE `dongphi` ENABLE KEYS */;
UNLOCK TABLES;

--
-- Table structure for table `dongphi_log`
--

DROP TABLE IF EXISTS `dongphi_log`;
/*!40101 SET @saved_cs_client     = @@character_set_client */;
/*!50503 SET character_set_client = utf8mb4 */;
CREATE TABLE `dongphi_log` (
  `ID` int NOT NULL AUTO_INCREMENT,
  `IDPhi` int NOT NULL,
  `HoKhauID` varchar(50) NOT NULL,
  `NgayDong` date NOT NULL,
  `SoTien` int NOT NULL,
  PRIMARY KEY (`ID`),
  KEY `Fk_IDPhi_DongPhiLog_idx` (`IDPhi`),
  KEY `FK_HoKhauID_DongPhiLog_idx` (`HoKhauID`),
  CONSTRAINT `FK_HoKhauID_DongPhiLog` FOREIGN KEY (`HoKhauID`) REFERENCES `hokhau` (`SoHK`),
  CONSTRAINT `Fk_IDPhi_DongPhiLog` FOREIGN KEY (`IDPhi`) REFERENCES `loaiphi` (`ID`)
) ENGINE=InnoDB AUTO_INCREMENT=517 DEFAULT CHARSET=utf8mb4 COLLATE=utf8mb4_0900_ai_ci;
/*!40101 SET character_set_client = @saved_cs_client */;

--
-- Dumping data for table `dongphi_log`
--

LOCK TABLES `dongphi_log` WRITE;
/*!40000 ALTER TABLE `dongphi_log` DISABLE KEYS */;
INSERT INTO `dongphi_log` VALUES (2,1,'1','2023-01-01',117000),(3,1,'10','2023-01-01',167000),(4,1,'100','2023-01-01',34000),(5,1,'101','2023-01-01',197000),(6,1,'102','2023-01-01',231000),(7,1,'103','2023-01-01',39000),(8,1,'104','2023-01-01',103000),(9,1,'105','2023-01-01',123000),(10,1,'106','2023-01-01',41000),(11,1,'107','2023-01-01',56000),(12,1,'108','2023-01-01',180000),(13,1,'109','2023-01-01',198000),(14,1,'11','2023-01-01',25000),(15,1,'110','2023-01-01',116000),(16,1,'111','2023-01-01',216000),(17,1,'112','2023-01-01',135000),(18,1,'113','2023-01-01',239000),(19,1,'114','2023-01-01',56000),(20,1,'115','2023-01-01',24000),(21,1,'116','2023-01-01',58000),(22,1,'117','2023-01-01',257000),(23,1,'118','2023-01-01',31000),(24,1,'119','2023-01-01',143000),(25,1,'12','2023-01-01',271000),(26,1,'120','2023-01-01',91000),(27,1,'121','2023-01-01',275000),(28,1,'122','2023-01-01',105000),(29,1,'123','2023-01-01',204000),(30,1,'124','2023-01-01',247000),(31,1,'125','2023-01-01',219000),(32,1,'126','2023-01-01',190000),(33,1,'127','2023-01-01',215000),(34,1,'128','2023-01-01',285000),(35,1,'129','2023-01-01',266000),(36,1,'13','2023-01-01',158000),(37,1,'130','2023-01-01',104000),(38,1,'131','2023-01-01',286000),(39,1,'132','2023-01-01',269000),(40,1,'133','2023-01-01',271000),(41,1,'134','2023-01-01',40000),(42,1,'135','2023-01-01',210000),(43,1,'136','2023-01-01',160000),(44,1,'137','2023-01-01',182000),(45,1,'138','2023-01-01',20000),(46,1,'139','2023-01-01',27000),(47,1,'14','2023-01-01',93000),(48,1,'140','2023-01-01',142000),(49,1,'141','2023-01-01',39000),(50,1,'142','2023-01-01',239000),(51,1,'143','2023-01-01',224000),(52,1,'144','2023-01-01',144000),(53,1,'145','2023-01-01',12000),(54,1,'146','2023-01-01',135000),(55,1,'147','2023-01-01',76000),(56,1,'148','2023-01-01',104000),(57,1,'149','2023-01-01',129000),(58,1,'15','2023-01-01',53000),(59,1,'150','2023-01-01',160000),(60,1,'151','2023-01-01',77000),(61,1,'152','2023-01-01',141000),(62,1,'153','2023-01-01',194000),(63,1,'154','2023-01-01',265000),(64,1,'155','2023-01-01',9000),(65,1,'156','2023-01-01',19000),(66,1,'157','2023-01-01',245000),(67,1,'158','2023-01-01',249000),(68,1,'159','2023-01-01',261000),(69,1,'16','2023-01-01',14000),(70,1,'160','2023-01-01',92000),(71,1,'161','2023-01-01',111000),(72,1,'162','2023-01-01',104000),(73,1,'163','2023-01-01',120000),(74,1,'164','2023-01-01',44000),(75,1,'165','2023-01-01',105000),(76,1,'166','2023-01-01',35000),(77,1,'167','2023-01-01',46000),(78,1,'168','2023-01-01',90000),(79,1,'169','2023-01-01',40000),(80,1,'17','2023-01-01',28000),(81,1,'170','2023-01-01',140000),(82,1,'171','2023-01-01',221000),(83,1,'172','2023-01-01',275000),(84,1,'173','2023-01-01',45000),(85,1,'174','2023-01-01',190000),(86,1,'175','2023-01-01',154000),(87,1,'176','2023-01-01',113000),(88,1,'177','2023-01-01',15000),(89,1,'178','2023-01-01',234000),(90,1,'179','2023-01-01',6000),(91,1,'18','2023-01-01',220000),(92,1,'180','2023-01-01',284000),(93,1,'181','2023-01-01',237000),(94,1,'182','2023-01-01',122000),(95,1,'183','2023-01-01',271000),(96,1,'184','2023-01-01',153000),(97,1,'185','2023-01-01',143000),(98,1,'186','2023-01-01',258000),(99,1,'187','2023-01-01',256000),(100,1,'188','2023-01-01',92000),(101,1,'189','2023-01-01',140000),(102,1,'19','2023-01-01',271000),(103,1,'190','2023-01-01',183000),(104,1,'191','2023-01-01',198000),(105,1,'192','2023-01-01',44000),(106,1,'193','2023-01-01',104000),(107,1,'194','2023-01-01',220000),(108,1,'195','2023-01-01',61000),(109,1,'196','2023-01-01',205000),(110,1,'197','2023-01-01',2000),(111,1,'198','2023-01-01',74000),(112,1,'199','2023-01-01',26000),(113,1,'2','2023-01-01',11000),(114,1,'20','2023-01-01',263000),(115,1,'200','2023-01-01',68000),(116,1,'201','2023-01-01',6000),(117,1,'202','2023-01-01',286000),(118,1,'203','2023-01-01',148000),(119,1,'204','2023-01-01',265000),(120,1,'205','2023-01-01',57000),(121,1,'206','2023-01-01',150000),(122,1,'207','2023-01-01',24000),(123,1,'208','2023-01-01',44000),(124,1,'209','2023-01-01',76000),(125,1,'21','2023-01-01',37000),(126,1,'210','2023-01-01',101000),(127,1,'211','2023-01-01',88000),(128,1,'212','2023-01-01',272000),(129,1,'213','2023-01-01',11000),(130,1,'214','2023-01-01',236000),(131,1,'215','2023-01-01',92000),(132,1,'216','2023-01-01',99000),(133,1,'217','2023-01-01',148000),(134,1,'218','2023-01-01',195000),(135,1,'219','2023-01-01',20000),(136,1,'22','2023-01-01',18000),(137,1,'220','2023-01-01',228000),(138,1,'221','2023-01-01',117000),(139,1,'222','2023-01-01',36000),(140,1,'223','2023-01-01',69000),(141,1,'224','2023-01-01',185000),(142,1,'225','2023-01-01',257000),(143,1,'226','2023-01-01',270000),(144,1,'227','2023-01-01',106000),(145,1,'228','2023-01-01',58000),(146,1,'229','2023-01-01',189000),(147,1,'23','2023-01-01',212000),(148,1,'230','2023-01-01',247000),(149,1,'231','2023-01-01',140000),(150,1,'232','2023-01-01',88000),(151,1,'233','2023-01-01',90000),(152,1,'234','2023-01-01',153000),(153,1,'235','2023-01-01',70000),(154,1,'236','2023-01-01',39000),(155,1,'237','2023-01-01',259000),(156,1,'238','2023-01-01',20000),(157,1,'239','2023-01-01',74000),(158,1,'24','2023-01-01',271000),(159,1,'240','2023-01-01',269000),(160,1,'241','2023-01-01',169000),(161,1,'242','2023-01-01',161000),(162,1,'243','2023-01-01',44000),(163,1,'244','2023-01-01',95000),(164,1,'245','2023-01-01',28000),(165,1,'246','2023-01-01',249000),(166,1,'247','2023-01-01',112000),(167,1,'248','2023-01-01',171000),(168,1,'249','2023-01-01',248000),(169,1,'25','2023-01-01',186000),(170,1,'250','2023-01-01',219000),(171,1,'26','2023-01-01',230000),(172,1,'27','2023-01-01',191000),(173,1,'28','2023-01-01',131000),(174,1,'29','2023-01-01',277000),(175,1,'3','2023-01-01',170000),(176,1,'30','2023-01-01',153000),(177,1,'31','2023-01-01',150000),(178,1,'32','2023-01-01',144000),(179,1,'33','2023-01-01',197000),(180,1,'34','2023-01-01',90000),(181,1,'35','2023-01-01',41000),(182,1,'36','2023-01-01',84000),(183,1,'37','2023-01-01',249000),(184,1,'38','2023-01-01',214000),(185,1,'39','2023-01-01',4000),(186,1,'4','2023-01-01',283000),(187,1,'40','2023-01-01',177000),(188,1,'41','2023-01-01',80000),(189,1,'42','2023-01-01',239000),(190,1,'43','2023-01-01',137000),(191,1,'44','2023-01-01',109000),(192,1,'45','2023-01-01',99000),(193,1,'46','2023-01-01',97000),(194,1,'47','2023-01-01',189000),(195,1,'48','2023-01-01',60000),(196,1,'49','2023-01-01',66000),(197,1,'5','2023-01-01',121000),(198,1,'50','2023-01-01',108000),(199,1,'51','2023-01-01',282000),(200,1,'52','2023-01-01',244000),(201,1,'53','2023-01-01',43000),(202,1,'54','2023-01-01',150000),(203,1,'55','2023-01-01',142000),(204,1,'56','2023-01-01',117000),(205,1,'57','2023-01-01',221000),(206,1,'58','2023-01-01',226000),(207,1,'59','2023-01-01',178000),(208,1,'6','2023-01-01',144000),(209,1,'60','2023-01-01',65000),(210,1,'61','2023-01-01',194000),(211,1,'62','2023-01-01',256000),(212,1,'63','2023-01-01',153000),(213,1,'64','2023-01-01',66000),(214,1,'65','2023-01-01',57000),(215,1,'66','2023-01-01',10000),(216,1,'67','2023-01-01',152000),(217,1,'68','2023-01-01',205000),(218,1,'69','2023-01-01',60000),(219,1,'7','2023-01-01',146000),(220,1,'70','2023-01-01',178000),(221,1,'71','2023-01-01',255000),(222,1,'72','2023-01-01',252000),(223,1,'73','2023-01-01',80000),(224,1,'74','2023-01-01',56000),(225,1,'75','2023-01-01',246000),(226,1,'76','2023-01-01',30000),(227,1,'77','2023-01-01',52000),(228,1,'78','2023-01-01',221000),(229,1,'79','2023-01-01',225000),(230,1,'8','2023-01-01',204000),(231,1,'80','2023-01-01',36000),(232,1,'81','2023-01-01',258000),(233,1,'82','2023-01-01',55000),(234,1,'83','2023-01-01',154000),(235,1,'84','2023-01-01',154000),(236,1,'85','2023-01-01',156000),(237,1,'86','2023-01-01',115000),(238,1,'87','2023-01-01',101000),(239,1,'88','2023-01-01',136000),(240,1,'89','2023-01-01',62000),(241,1,'9','2023-01-01',52000),(242,1,'90','2023-01-01',51000),(243,1,'91','2023-01-01',99000),(244,1,'92','2023-01-01',186000),(245,1,'93','2023-01-01',198000),(246,1,'94','2023-01-01',261000),(247,1,'95','2023-01-01',65000),(248,1,'96','2023-01-01',109000),(249,1,'97','2023-01-01',236000),(250,1,'98','2023-01-01',30000),(251,1,'99','2023-01-01',117000),(252,2,'107','2023-01-01',287000),(253,2,'111','2023-01-01',927000),(254,2,'147','2023-01-01',610000),(255,2,'15','2023-01-01',714000),(256,2,'164','2023-01-01',627000),(257,2,'168','2023-01-01',268000),(258,2,'18','2023-01-01',538000),(259,2,'181','2023-01-01',480000),(260,2,'192','2023-01-01',598000),(261,2,'193','2023-01-01',608000),(262,2,'203','2023-01-01',598000),(263,2,'207','2023-01-01',342000),(264,2,'213','2023-01-01',289000),(265,2,'219','2023-01-01',417000),(266,2,'230','2023-01-01',419000),(267,2,'4','2023-01-01',901000),(268,2,'42','2023-01-01',244000),(269,2,'43','2023-01-01',265000),(270,2,'52','2023-01-01',588000),(271,2,'61','2023-01-01',401000),(272,2,'81','2023-01-01',981000),(273,2,'83','2023-01-01',634000),(274,2,'87','2023-01-01',761000),(275,3,'1','2023-01-01',106000),(276,3,'101','2023-01-01',308000),(277,3,'112','2023-01-01',338000),(278,3,'121','2023-01-01',835000),(279,3,'150','2023-01-01',426000),(280,3,'157','2023-01-01',811000),(281,3,'159','2023-01-01',882000),(282,3,'165','2023-01-01',572000),(283,3,'167','2023-01-01',713000),(284,3,'177','2023-01-01',190000),(285,3,'180','2023-01-01',363000),(286,3,'194','2023-01-01',825000),(287,3,'195','2023-01-01',320000),(288,3,'20','2023-01-01',673000),(289,3,'201','2023-01-01',196000),(290,3,'208','2023-01-01',531000),(291,3,'210','2023-01-01',631000),(292,3,'220','2023-01-01',603000),(293,3,'224','2023-01-01',261000),(294,3,'229','2023-01-01',758000),(295,3,'25','2023-01-01',877000),(296,3,'26','2023-01-01',812000),(297,3,'27','2023-01-01',978000),(298,3,'28','2023-01-01',161000),(299,3,'35','2023-01-01',759000),(300,3,'40','2023-01-01',815000),(301,3,'47','2023-01-01',298000),(302,3,'62','2023-01-01',582000),(303,3,'64','2023-01-01',111000),(304,3,'69','2023-01-01',283000),(305,3,'7','2023-01-01',115000),(306,3,'78','2023-01-01',654000),(307,3,'88','2023-01-01',708000),(308,4,'102','2023-01-01',689000),(309,4,'103','2023-01-01',255000),(310,4,'113','2023-01-01',304000),(311,4,'118','2023-01-01',613000),(312,4,'120','2023-01-01',610000),(313,4,'125','2023-01-01',643000),(314,4,'130','2023-01-01',926000),(315,4,'136','2023-01-01',371000),(316,4,'14','2023-01-01',397000),(317,4,'145','2023-01-01',113000),(318,4,'148','2023-01-01',425000),(319,4,'173','2023-01-01',549000),(320,4,'179','2023-01-01',566000),(321,4,'190','2023-01-01',204000),(322,4,'2','2023-01-01',155000),(323,4,'228','2023-01-01',508000),(324,4,'233','2023-01-01',397000),(325,4,'239','2023-01-01',732000),(326,4,'244','2023-01-01',112000),(327,4,'5','2023-01-01',410000),(328,4,'51','2023-01-01',653000),(329,4,'57','2023-01-01',562000),(330,4,'59','2023-01-01',337000),(331,4,'6','2023-01-01',289000),(332,4,'66','2023-01-01',409000),(333,4,'71','2023-01-01',820000),(334,4,'73','2023-01-01',397000),(335,4,'75','2023-01-01',505000),(336,4,'8','2023-01-01',592000),(337,4,'80','2023-01-01',283000),(338,4,'85','2023-01-01',936000),(339,4,'89','2023-01-01',923000),(340,4,'90','2023-01-01',972000),(341,4,'93','2023-01-01',241000),(342,4,'96','2023-01-01',988000),(343,4,'99','2023-01-01',174000),(344,5,'110','2023-01-01',269000),(345,5,'117','2023-01-01',332000),(346,5,'124','2023-01-01',426000),(347,5,'126','2023-01-01',785000),(348,5,'132','2023-01-01',522000),(349,5,'134','2023-01-01',609000),(350,5,'138','2023-01-01',858000),(351,5,'156','2023-01-01',828000),(352,5,'170','2023-01-01',969000),(353,5,'178','2023-01-01',547000),(354,5,'182','2023-01-01',854000),(355,5,'188','2023-01-01',586000),(356,5,'197','2023-01-01',368000),(357,5,'206','2023-01-01',684000),(358,5,'22','2023-01-01',257000),(359,5,'226','2023-01-01',193000),(360,5,'232','2023-01-01',641000),(361,5,'238','2023-01-01',427000),(362,5,'247','2023-01-01',377000),(363,5,'249','2023-01-01',138000),(364,5,'30','2023-01-01',162000),(365,5,'45','2023-01-01',483000),(366,5,'53','2023-01-01',953000),(367,5,'60','2023-01-01',461000),(368,5,'86','2023-01-01',307000),(369,5,'92','2023-01-01',114000),(370,6,'100','2023-01-01',385000),(371,6,'12','2023-01-01',406000),(372,6,'129','2023-01-01',242000),(373,6,'131','2023-01-01',641000),(374,6,'151','2023-01-01',522000),(375,6,'152','2023-01-01',865000),(376,6,'154','2023-01-01',623000),(377,6,'155','2023-01-01',685000),(378,6,'162','2023-01-01',922000),(379,6,'176','2023-01-01',749000),(380,6,'183','2023-01-01',806000),(381,6,'189','2023-01-01',112000),(382,6,'209','2023-01-01',149000),(383,6,'218','2023-01-01',117000),(384,6,'223','2023-01-01',305000),(385,6,'23','2023-01-01',952000),(386,6,'235','2023-01-01',197000),(387,6,'242','2023-01-01',851000),(388,6,'29','2023-01-01',284000),(389,6,'46','2023-01-01',657000),(390,6,'49','2023-01-01',490000),(391,6,'50','2023-01-01',909000),(392,6,'54','2023-01-01',368000),(393,6,'58','2023-01-01',343000),(394,6,'79','2023-01-01',157000),(395,6,'82','2023-01-01',129000),(396,6,'94','2023-01-01',802000),(397,7,'105','2023-01-01',652000),(398,7,'106','2023-01-01',651000),(399,7,'108','2023-01-01',596000),(400,7,'127','2023-01-01',822000),(401,7,'133','2023-01-01',371000),(402,7,'137','2023-01-01',715000),(403,7,'139','2023-01-01',915000),(404,7,'140','2023-01-01',125000),(405,7,'141','2023-01-01',254000),(406,7,'142','2023-01-01',687000),(407,7,'143','2023-01-01',708000),(408,7,'149','2023-01-01',388000),(409,7,'160','2023-01-01',652000),(410,7,'166','2023-01-01',261000),(411,7,'171','2023-01-01',394000),(412,7,'172','2023-01-01',683000),(413,7,'174','2023-01-01',320000),(414,7,'175','2023-01-01',135000),(415,7,'184','2023-01-01',409000),(416,7,'185','2023-01-01',139000),(417,7,'186','2023-01-01',551000),(418,7,'191','2023-01-01',825000),(419,7,'199','2023-01-01',721000),(420,7,'202','2023-01-01',606000),(421,7,'204','2023-01-01',151000),(422,7,'212','2023-01-01',311000),(423,7,'215','2023-01-01',247000),(424,7,'221','2023-01-01',786000),(425,7,'225','2023-01-01',332000),(426,7,'227','2023-01-01',229000),(427,7,'234','2023-01-01',886000),(428,7,'240','2023-01-01',448000),(429,7,'241','2023-01-01',340000),(430,7,'245','2023-01-01',425000),(431,7,'3','2023-01-01',544000),(432,7,'36','2023-01-01',250000),(433,7,'76','2023-01-01',544000),(434,7,'77','2023-01-01',159000),(435,7,'84','2023-01-01',580000),(436,7,'9','2023-01-01',283000),(437,8,'10','2023-01-01',205000),(438,8,'109','2023-01-01',598000),(439,8,'11','2023-01-01',660000),(440,8,'114','2023-01-01',874000),(441,8,'115','2023-01-01',409000),(442,8,'144','2023-01-01',356000),(443,8,'146','2023-01-01',153000),(444,8,'16','2023-01-01',375000),(445,8,'161','2023-01-01',777000),(446,8,'19','2023-01-01',472000),(447,8,'21','2023-01-01',105000),(448,8,'211','2023-01-01',910000),(449,8,'214','2023-01-01',137000),(450,8,'216','2023-01-01',716000),(451,8,'246','2023-01-01',615000),(452,8,'248','2023-01-01',154000),(453,8,'31','2023-01-01',467000),(454,8,'32','2023-01-01',999000),(455,8,'37','2023-01-01',271000),(456,8,'38','2023-01-01',286000),(457,8,'56','2023-01-01',253000),(458,8,'65','2023-01-01',329000),(459,8,'70','2023-01-01',378000),(460,8,'72','2023-01-01',649000),(461,8,'91','2023-01-01',853000),(462,8,'97','2023-01-01',372000),(463,9,'104','2023-01-01',416000),(464,9,'116','2023-01-01',255000),(465,9,'119','2023-01-01',638000),(466,9,'122','2023-01-01',531000),(467,9,'123','2023-01-01',618000),(468,9,'128','2023-01-01',758000),(469,9,'13','2023-01-01',718000),(470,9,'135','2023-01-01',606000),(471,9,'153','2023-01-01',237000),(472,9,'158','2023-01-01',898000),(473,9,'163','2023-01-01',917000),(474,9,'169','2023-01-01',611000),(475,9,'17','2023-01-01',283000),(476,9,'187','2023-01-01',377000),(477,9,'196','2023-01-01',624000),(478,9,'198','2023-01-01',267000),(479,9,'200','2023-01-01',361000),(480,9,'205','2023-01-01',603000),(481,9,'217','2023-01-01',482000),(482,9,'222','2023-01-01',303000),(483,9,'231','2023-01-01',939000),(484,9,'236','2023-01-01',983000),(485,9,'237','2023-01-01',933000),(486,9,'24','2023-01-01',308000),(487,9,'243','2023-01-01',971000),(488,9,'250','2023-01-01',425000),(489,9,'33','2023-01-01',820000),(490,9,'34','2023-01-01',701000),(491,9,'39','2023-01-01',687000),(492,9,'41','2023-01-01',662000),(493,9,'44','2023-01-01',287000),(494,9,'48','2023-01-01',843000),(495,9,'55','2023-01-01',997000),(496,9,'63','2023-01-01',682000),(497,9,'67','2023-01-01',507000),(498,9,'68','2023-01-01',459000),(499,9,'74','2023-01-01',131000),(500,9,'95','2023-01-01',261000),(501,9,'98','2023-01-01',876000),(516,1,'1','2023-12-20',100000);
/*!40000 ALTER TABLE `dongphi_log` ENABLE KEYS */;
UNLOCK TABLES;
/*!50003 SET @saved_cs_client      = @@character_set_client */ ;
/*!50003 SET @saved_cs_results     = @@character_set_results */ ;
/*!50003 SET @saved_col_connection = @@collation_connection */ ;
/*!50003 SET character_set_client  = utf8mb4 */ ;
/*!50003 SET character_set_results = utf8mb4 */ ;
/*!50003 SET collation_connection  = utf8mb4_0900_ai_ci */ ;
/*!50003 SET @saved_sql_mode       = @@sql_mode */ ;
/*!50003 SET sql_mode              = 'ONLY_FULL_GROUP_BY,STRICT_TRANS_TABLES,NO_ZERO_IN_DATE,NO_ZERO_DATE,ERROR_FOR_DIVISION_BY_ZERO,NO_ENGINE_SUBSTITUTION' */ ;
DELIMITER ;;
/*!50003 CREATE*/ /*!50017 DEFINER=`root`@`localhost`*/ /*!50003 TRIGGER `capnhatsotiendadongforinsert` AFTER INSERT ON `dongphi_log` FOR EACH ROW begin
	if (new.IDPhi,new.HoKhauID) in (select IDPhi,HoKhauID from dongphi) then 
			update dongphi set dongphi.DaDong = dongphi.DaDong + new.SoTien 
			where dongphi.HoKhauID = new.HoKhauID and dongphi.IDPhi = new.IDPhi;
    else insert into dongphi (IDPhi,HoKhauID,DaDong,PhaiDong) values (new.IDPhi,new.HoKhauID,new.SoTien,0);
    end if;
end */;;
DELIMITER ;
/*!50003 SET sql_mode              = @saved_sql_mode */ ;
/*!50003 SET character_set_client  = @saved_cs_client */ ;
/*!50003 SET character_set_results = @saved_cs_results */ ;
/*!50003 SET collation_connection  = @saved_col_connection */ ;
/*!50003 SET @saved_cs_client      = @@character_set_client */ ;
/*!50003 SET @saved_cs_results     = @@character_set_results */ ;
/*!50003 SET @saved_col_connection = @@collation_connection */ ;
/*!50003 SET character_set_client  = utf8mb4 */ ;
/*!50003 SET character_set_results = utf8mb4 */ ;
/*!50003 SET collation_connection  = utf8mb4_0900_ai_ci */ ;
/*!50003 SET @saved_sql_mode       = @@sql_mode */ ;
/*!50003 SET sql_mode              = 'ONLY_FULL_GROUP_BY,STRICT_TRANS_TABLES,NO_ZERO_IN_DATE,NO_ZERO_DATE,ERROR_FOR_DIVISION_BY_ZERO,NO_ENGINE_SUBSTITUTION' */ ;
DELIMITER ;;
/*!50003 CREATE*/ /*!50017 DEFINER=`root`@`localhost`*/ /*!50003 TRIGGER `capnhatsotiendadongforupdate` AFTER UPDATE ON `dongphi_log` FOR EACH ROW begin
	if (new.IDPhi,new.HoKhauID) in (select IDPhi,HoKhauID from dongphi) then 
			update dongphi set dongphi.DaDong = dongphi.DaDong + new.SoTien - old.SoTien 
			where dongphi.HoKhauID = new.HoKhauID and dongphi.IDPhi = new.IDPhi;
    else insert into dongphi (IDPhi,HoKhauID,DaDong,PhaiDong) values (new.IDPhi,new.HoKhauID,new.SoTien - old.SoTien,0);
    end if;
end */;;
DELIMITER ;
/*!50003 SET sql_mode              = @saved_sql_mode */ ;
/*!50003 SET character_set_client  = @saved_cs_client */ ;
/*!50003 SET character_set_results = @saved_cs_results */ ;
/*!50003 SET collation_connection  = @saved_col_connection */ ;

--
-- Table structure for table `hokhau`
--

DROP TABLE IF EXISTS `hokhau`;
/*!40101 SET @saved_cs_client     = @@character_set_client */;
/*!50503 SET character_set_client = utf8mb4 */;
CREATE TABLE `hokhau` (
  `SoHK` varchar(50) NOT NULL,
  `ChuHoID` varchar(12) NOT NULL,
  `DiaChi` varchar(300) CHARACTER SET utf8mb3 COLLATE utf8mb3_general_ci NOT NULL,
  `LoaiSo` varchar(45) NOT NULL,
  `Deleted` bit(1) NOT NULL,
  PRIMARY KEY (`SoHK`),
  KEY `FK_ChuHoID_idx` (`ChuHoID`),
  CONSTRAINT `FK_ChuHoID` FOREIGN KEY (`ChuHoID`) REFERENCES `nhankhau` (`CCCD`)
) ENGINE=InnoDB DEFAULT CHARSET=utf8mb4 COLLATE=utf8mb4_0900_ai_ci;
/*!40101 SET character_set_client = @saved_cs_client */;

--
-- Dumping data for table `hokhau`
--

LOCK TABLES `hokhau` WRITE;
/*!40000 ALTER TABLE `hokhau` DISABLE KEYS */;
INSERT INTO `hokhau` VALUES ('1','033306715750','Số 1, tổ dân phố số 7 phường La Khê','Thường trú',_binary '\0'),('10','039748152989','Số 2, tổ dân phố số 7 phường La Khê','Thường trú',_binary '\0'),('100','034650056778','Số 3, tổ dân phố số 7 phường La Khê','Thường trú',_binary '\0'),('101','060054814318','Số 4, tổ dân phố số 7 phường La Khê','Thường trú',_binary '\0'),('102','092386492541','Số 5, tổ dân phố số 7 phường La Khê','Thường trú',_binary '\0'),('103','005938698278','Số 6, tổ dân phố số 7 phường La Khê','Thường trú',_binary '\0'),('104','036632381919','Số 7, tổ dân phố số 7 phường La Khê','Thường trú',_binary '\0'),('105','065947809589','Số 8, tổ dân phố số 7 phường La Khê','Thường trú',_binary '\0'),('106','032804949823','Số 7, tổ dân phố số 7 phường La Khê','Thường trú',_binary '\0'),('107','035592618871','Số 8, tổ dân phố số 7 phường La Khê','Thường trú',_binary '\0'),('108','014193509559','Số 9, tổ dân phố số 7 phường La Khê','Thường trú',_binary '\0'),('109','047708656140','Số 10, tổ dân phố số 7 phường La Khê','Thường trú',_binary '\0'),('11','002734904260','Số 11, tổ dân phố số 7 phường La Khê','Thường trú',_binary '\0'),('110','015532005235','Số 12, tổ dân phố số 7 phường La Khê','Thường trú',_binary '\0'),('111','086865384847','Số 13, tổ dân phố số 7 phường La Khê','Thường trú',_binary '\0'),('112','041192410025','Số 14, tổ dân phố số 7 phường La Khê','Thường trú',_binary '\0'),('113','019331165811','Số 15, tổ dân phố số 7 phường La Khê','Thường trú',_binary '\0'),('114','056924260317','Số 16, tổ dân phố số 7 phường La Khê','Thường trú',_binary '\0'),('115','090142974990','Số 17, tổ dân phố số 7 phường La Khê','Thường trú',_binary '\0'),('116','090917449155','Số 18, tổ dân phố số 7 phường La Khê','Thường trú',_binary '\0'),('117','067142796621','Số 19, tổ dân phố số 7 phường La Khê','Thường trú',_binary '\0'),('118','009744403057','Số 20, tổ dân phố số 7 phường La Khê','Thường trú',_binary '\0'),('119','063687893509','Số 21, tổ dân phố số 7 phường La Khê','Thường trú',_binary '\0'),('12','020303336739','Số 22, tổ dân phố số 7 phường La Khê','Thường trú',_binary '\0'),('120','007838350738','Số 23, tổ dân phố số 7 phường La Khê','Thường trú',_binary '\0'),('121','003834382475','Số 24, tổ dân phố số 7 phường La Khê','Thường trú',_binary '\0'),('122','048362981549','Số 25, tổ dân phố số 7 phường La Khê','Thường trú',_binary '\0'),('123','065251167258','Số 26, tổ dân phố số 7 phường La Khê','Thường trú',_binary '\0'),('124','098441720712','Số 27, tổ dân phố số 7 phường La Khê','Thường trú',_binary '\0'),('125','094350041302','Số 28, tổ dân phố số 7 phường La Khê','Thường trú',_binary '\0'),('126','002482108013','Số 29, tổ dân phố số 7 phường La Khê','Thường trú',_binary '\0'),('127','018432041168','Số 30, tổ dân phố số 7 phường La Khê','Thường trú',_binary '\0'),('128','046802631639','Số 31, tổ dân phố số 7 phường La Khê','Thường trú',_binary '\0'),('129','099578269044','Số 32, tổ dân phố số 7 phường La Khê','Thường trú',_binary '\0'),('13','040708249411','Số 33, tổ dân phố số 7 phường La Khê','Thường trú',_binary '\0'),('130','017979615218','Số 34, tổ dân phố số 7 phường La Khê','Thường trú',_binary '\0'),('131','068193003233','Số 35, tổ dân phố số 7 phường La Khê','Thường trú',_binary '\0'),('132','078317270466','Số 36, tổ dân phố số 7 phường La Khê','Thường trú',_binary '\0'),('133','061585739407','Số 37, tổ dân phố số 7 phường La Khê','Thường trú',_binary '\0'),('134','082103999630','Số 38, tổ dân phố số 7 phường La Khê','Thường trú',_binary '\0'),('135','055256155101','Số 39, tổ dân phố số 7 phường La Khê','Thường trú',_binary '\0'),('136','031008137082','Số 40, tổ dân phố số 7 phường La Khê','Thường trú',_binary '\0'),('137','040533483097','Số 41, tổ dân phố số 7 phường La Khê','Thường trú',_binary '\0'),('138','008854091419','Số 42, tổ dân phố số 7 phường La Khê','Thường trú',_binary '\0'),('139','092108737571','Số 43, tổ dân phố số 7 phường La Khê','Thường trú',_binary '\0'),('14','005713878468','Số 44, tổ dân phố số 7 phường La Khê','Thường trú',_binary '\0'),('140','067609046732','Số 45, tổ dân phố số 7 phường La Khê','Thường trú',_binary '\0'),('141','084390607105','Số 46, tổ dân phố số 7 phường La Khê','Thường trú',_binary '\0'),('142','063286004575','Số 47, tổ dân phố số 7 phường La Khê','Thường trú',_binary '\0'),('143','061966624447','Số 48, tổ dân phố số 7 phường La Khê','Thường trú',_binary '\0'),('144','004359267823','Số 49, tổ dân phố số 7 phường La Khê','Thường trú',_binary '\0'),('145','063550548308','Số 50, tổ dân phố số 7 phường La Khê','Thường trú',_binary '\0'),('146','054802106050','Số 51, tổ dân phố số 7 phường La Khê','Thường trú',_binary '\0'),('147','051270288047','Số 52, tổ dân phố số 7 phường La Khê','Thường trú',_binary '\0'),('148','051313539141','Số 53, tổ dân phố số 7 phường La Khê','Thường trú',_binary '\0'),('149','083683519099','Số 54, tổ dân phố số 7 phường La Khê','Thường trú',_binary '\0'),('15','063900323170','Số 55, tổ dân phố số 7 phường La Khê','Thường trú',_binary '\0'),('150','091469687290','Số 56, tổ dân phố số 7 phường La Khê','Thường trú',_binary '\0'),('151','001201714062','Số 57, tổ dân phố số 7 phường La Khê','Thường trú',_binary '\0'),('152','066393356472','Số 58, tổ dân phố số 7 phường La Khê','Thường trú',_binary '\0'),('153','059846573479','Số 59, tổ dân phố số 7 phường La Khê','Thường trú',_binary '\0'),('154','026458780367','Số 60, tổ dân phố số 7 phường La Khê','Thường trú',_binary '\0'),('155','063820531033','Số 61, tổ dân phố số 7 phường La Khê','Thường trú',_binary '\0'),('156','060357191794','Số 62, tổ dân phố số 7 phường La Khê','Thường trú',_binary '\0'),('157','045186115786','Số 63, tổ dân phố số 7 phường La Khê','Thường trú',_binary '\0'),('158','030220947719','Số 64, tổ dân phố số 7 phường La Khê','Thường trú',_binary '\0'),('159','058588482366','Số 65, tổ dân phố số 7 phường La Khê','Thường trú',_binary '\0'),('16','078332306461','Số 66, tổ dân phố số 7 phường La Khê','Thường trú',_binary '\0'),('160','093818546847','Số 67, tổ dân phố số 7 phường La Khê','Thường trú',_binary '\0'),('161','026384851460','Số 68, tổ dân phố số 7 phường La Khê','Thường trú',_binary '\0'),('162','007146273322','Số 69, tổ dân phố số 7 phường La Khê','Thường trú',_binary '\0'),('163','088820190005','Số 70, tổ dân phố số 7 phường La Khê','Thường trú',_binary '\0'),('164','023240125510','Số 71, tổ dân phố số 7 phường La Khê','Thường trú',_binary '\0'),('165','096722894578','Số 72, tổ dân phố số 7 phường La Khê','Thường trú',_binary '\0'),('166','018396326350','Số 73, tổ dân phố số 7 phường La Khê','Thường trú',_binary '\0'),('167','062902505200','Số 74, tổ dân phố số 7 phường La Khê','Thường trú',_binary '\0'),('168','023825440687','Số 75, tổ dân phố số 7 phường La Khê','Thường trú',_binary '\0'),('169','002177701003','Số 76, tổ dân phố số 7 phường La Khê','Thường trú',_binary '\0'),('17','013233127941','Số 77, tổ dân phố số 7 phường La Khê','Thường trú',_binary '\0'),('170','034963361215','Số 78, tổ dân phố số 7 phường La Khê','Thường trú',_binary '\0'),('171','033124858448','Số 79, tổ dân phố số 7 phường La Khê','Thường trú',_binary '\0'),('172','050397317477','Số 80, tổ dân phố số 7 phường La Khê','Thường trú',_binary '\0'),('173','081196551743','Số 81, tổ dân phố số 7 phường La Khê','Thường trú',_binary '\0'),('174','012579504619','Số 82, tổ dân phố số 7 phường La Khê','Thường trú',_binary '\0'),('175','083708718198','Số 83, tổ dân phố số 7 phường La Khê','Thường trú',_binary '\0'),('176','067741094118','Số 84, tổ dân phố số 7 phường La Khê','Thường trú',_binary '\0'),('177','010891213525','Số 85, tổ dân phố số 7 phường La Khê','Thường trú',_binary '\0'),('178','016834769042','Số 86, tổ dân phố số 7 phường La Khê','Thường trú',_binary '\0'),('179','098544548812','Số 87, tổ dân phố số 7 phường La Khê','Thường trú',_binary '\0'),('18','063302720677','Số 88, tổ dân phố số 7 phường La Khê','Thường trú',_binary '\0'),('180','071116549231','Số 89, tổ dân phố số 7 phường La Khê','Thường trú',_binary '\0'),('181','051204751851','Số 90, tổ dân phố số 7 phường La Khê','Thường trú',_binary '\0'),('182','093020971339','Số 91, tổ dân phố số 7 phường La Khê','Thường trú',_binary '\0'),('183','093427849601','Số 92, tổ dân phố số 7 phường La Khê','Thường trú',_binary '\0'),('184','074625251393','Số 93, tổ dân phố số 7 phường La Khê','Thường trú',_binary '\0'),('185','027513400148','Số 94, tổ dân phố số 7 phường La Khê','Thường trú',_binary '\0'),('186','005818278278','Số 95, tổ dân phố số 7 phường La Khê','Thường trú',_binary '\0'),('187','036575088357','Số 96, tổ dân phố số 7 phường La Khê','Thường trú',_binary '\0'),('188','071788524708','Số 97, tổ dân phố số 7 phường La Khê','Thường trú',_binary '\0'),('189','087940896961','Số 98, tổ dân phố số 7 phường La Khê','Thường trú',_binary '\0'),('19','011405572714','Số 99, tổ dân phố số 7 phường La Khê','Thường trú',_binary '\0'),('190','032893623743','Số 100, tổ dân phố số 7 phường La Khê','Thường trú',_binary '\0'),('191','067335623262','Số 101, tổ dân phố số 7 phường La Khê','Thường trú',_binary '\0'),('192','082530771834','Số 102, tổ dân phố số 7 phường La Khê','Thường trú',_binary '\0'),('193','026821641740','Số 103, tổ dân phố số 7 phường La Khê','Thường trú',_binary '\0'),('194','063048880981','Số 104, tổ dân phố số 7 phường La Khê','Thường trú',_binary '\0'),('195','068184484937','Số 105, tổ dân phố số 7 phường La Khê','Thường trú',_binary '\0'),('196','036694760238','Số 106, tổ dân phố số 7 phường La Khê','Thường trú',_binary '\0'),('197','051031267031','Số 107, tổ dân phố số 7 phường La Khê','Thường trú',_binary '\0'),('198','040236973949','Số 108, tổ dân phố số 7 phường La Khê','Thường trú',_binary '\0'),('199','039463480389','Số 109, tổ dân phố số 7 phường La Khê','Thường trú',_binary '\0'),('2','067001070001','Số 110, tổ dân phố số 7 phường La Khê','Thường trú',_binary '\0'),('20','014708320098','Số 111, tổ dân phố số 7 phường La Khê','Thường trú',_binary '\0'),('200','015694712038','Số 112, tổ dân phố số 7 phường La Khê','Thường trú',_binary '\0'),('201','030946206581','Số 113, tổ dân phố số 7 phường La Khê','Thường trú',_binary '\0'),('202','045862282992','Số 114, tổ dân phố số 7 phường La Khê','Thường trú',_binary '\0'),('203','082210792369','Số 115, tổ dân phố số 7 phường La Khê','Thường trú',_binary '\0'),('204','068322231380','Số 116, tổ dân phố số 7 phường La Khê','Thường trú',_binary '\0'),('205','038297484624','Số 117, tổ dân phố số 7 phường La Khê','Thường trú',_binary '\0'),('206','007320878312','Số 118, tổ dân phố số 7 phường La Khê','Thường trú',_binary '\0'),('207','062444252053','Số 119, tổ dân phố số 7 phường La Khê','Thường trú',_binary '\0'),('208','000092343613','Số 120, tổ dân phố số 7 phường La Khê','Thường trú',_binary '\0'),('209','041900421446','Số 121, tổ dân phố số 7 phường La Khê','Thường trú',_binary '\0'),('21','016384141214','Số 122, tổ dân phố số 7 phường La Khê','Thường trú',_binary '\0'),('210','074840313284','Số 123, tổ dân phố số 7 phường La Khê','Thường trú',_binary '\0'),('211','062825816549','Số 124, tổ dân phố số 7 phường La Khê','Thường trú',_binary '\0'),('212','015085158661','Số 125, tổ dân phố số 7 phường La Khê','Thường trú',_binary '\0'),('213','093048073056','Số 126, tổ dân phố số 7 phường La Khê','Thường trú',_binary '\0'),('214','009399918189','Số 127, tổ dân phố số 7 phường La Khê','Thường trú',_binary '\0'),('215','049456918022','Số 128, tổ dân phố số 7 phường La Khê','Thường trú',_binary '\0'),('216','005379792190','Số 129, tổ dân phố số 7 phường La Khê','Thường trú',_binary '\0'),('217','035229511676','Số 130, tổ dân phố số 7 phường La Khê','Thường trú',_binary '\0'),('218','094278418815','Số 131, tổ dân phố số 7 phường La Khê','Thường trú',_binary '\0'),('219','090140676713','Số 132, tổ dân phố số 7 phường La Khê','Thường trú',_binary '\0'),('22','034325856468','Số 133, tổ dân phố số 7 phường La Khê','Thường trú',_binary '\0'),('220','018971772546','Số 134, tổ dân phố số 7 phường La Khê','Thường trú',_binary '\0'),('221','033678134890','Số 135, tổ dân phố số 7 phường La Khê','Thường trú',_binary '\0'),('222','020375471770','Số 136, tổ dân phố số 7 phường La Khê','Thường trú',_binary '\0'),('223','071835885418','Số 137, tổ dân phố số 7 phường La Khê','Thường trú',_binary '\0'),('224','004476238230','Số 138, tổ dân phố số 7 phường La Khê','Thường trú',_binary '\0'),('225','028435359904','Số 139, tổ dân phố số 7 phường La Khê','Thường trú',_binary '\0'),('226','085107808859','Số 140, tổ dân phố số 7 phường La Khê','Thường trú',_binary '\0'),('227','037067348526','Số 141, tổ dân phố số 7 phường La Khê','Thường trú',_binary '\0'),('228','011517797714','Số 142, tổ dân phố số 7 phường La Khê','Thường trú',_binary '\0'),('229','081352604791','Số 143, tổ dân phố số 7 phường La Khê','Thường trú',_binary '\0'),('23','020909152965','Số 144, tổ dân phố số 7 phường La Khê','Thường trú',_binary '\0'),('230','036103195733','Số 145, tổ dân phố số 7 phường La Khê','Thường trú',_binary '\0'),('231','056866413026','Số 146, tổ dân phố số 7 phường La Khê','Thường trú',_binary '\0'),('232','057178121958','Số 147, tổ dân phố số 7 phường La Khê','Thường trú',_binary '\0'),('233','013313676347','Số 148, tổ dân phố số 7 phường La Khê','Thường trú',_binary '\0'),('234','048625922536','Số 149, tổ dân phố số 7 phường La Khê','Thường trú',_binary '\0'),('235','051793991498','Số 150, tổ dân phố số 7 phường La Khê','Thường trú',_binary '\0'),('236','063731981508','Số 151, tổ dân phố số 7 phường La Khê','Thường trú',_binary '\0'),('237','033562557622','Số 152, tổ dân phố số 7 phường La Khê','Thường trú',_binary '\0'),('238','048526342107','Số 153, tổ dân phố số 7 phường La Khê','Thường trú',_binary '\0'),('239','004471681844','Số 154, tổ dân phố số 7 phường La Khê','Thường trú',_binary '\0'),('24','004376328130','Số 155, tổ dân phố số 7 phường La Khê','Thường trú',_binary '\0'),('240','044857174286','Số 156, tổ dân phố số 7 phường La Khê','Thường trú',_binary '\0'),('241','090080615510','Số 157, tổ dân phố số 7 phường La Khê','Thường trú',_binary '\0'),('242','038195463111','Số 158, tổ dân phố số 7 phường La Khê','Thường trú',_binary '\0'),('243','031923392301','Số 159, tổ dân phố số 7 phường La Khê','Thường trú',_binary '\0'),('244','049099740833','Số 160, tổ dân phố số 7 phường La Khê','Thường trú',_binary '\0'),('245','089268471438','Số 161, tổ dân phố số 7 phường La Khê','Thường trú',_binary '\0'),('246','046950414687','Số 165, tổ dân phố số 7 phường La Khê','Thường trú',_binary '\0'),('247','089332117132','Số 166, tổ dân phố số 7 phường La Khê','Thường trú',_binary '\0'),('248','008138258569','Số 167, tổ dân phố số 7 phường La Khê','Thường trú',_binary '\0'),('249','052440511806','Số 168, tổ dân phố số 7 phường La Khê','Thường trú',_binary '\0'),('25','057418241343','Số 169, tổ dân phố số 7 phường La Khê','Thường trú',_binary '\0'),('250','033697923177','Số 170, tổ dân phố số 7 phường La Khê','Thường trú',_binary '\0'),('26','005489593274','Số 171, tổ dân phố số 7 phường La Khê','Thường trú',_binary '\0'),('27','018993384940','Số 172, tổ dân phố số 7 phường La Khê','Thường trú',_binary '\0'),('28','034013426643','Số 173, tổ dân phố số 7 phường La Khê','Thường trú',_binary '\0'),('29','036676514688','Số 174, tổ dân phố số 7 phường La Khê','Thường trú',_binary '\0'),('3','010712352102','Số 175, tổ dân phố số 7 phường La Khê','Thường trú',_binary '\0'),('30','081611016123','Số 176, tổ dân phố số 7 phường La Khê','Thường trú',_binary '\0'),('31','094590424430','Số 177, tổ dân phố số 7 phường La Khê','Thường trú',_binary '\0'),('32','036411735971','Số 178, tổ dân phố số 7 phường La Khê','Thường trú',_binary '\0'),('33','055483244285','Số 179, tổ dân phố số 7 phường La Khê','Thường trú',_binary '\0'),('34','000747860504','Số 180, tổ dân phố số 7 phường La Khê','Thường trú',_binary '\0'),('35','063976217094','Số 181, tổ dân phố số 7 phường La Khê','Thường trú',_binary '\0'),('36','061146158420','Số 182, tổ dân phố số 7 phường La Khê','Thường trú',_binary '\0'),('37','061159727372','Số 183, tổ dân phố số 7 phường La Khê','Thường trú',_binary '\0'),('38','015090920947','Số 184, tổ dân phố số 7 phường La Khê','Thường trú',_binary '\0'),('39','027156386371','Số 185, tổ dân phố số 7 phường La Khê','Thường trú',_binary '\0'),('4','079331343796','Số 186, tổ dân phố số 7 phường La Khê','Thường trú',_binary '\0'),('40','091759663489','Số 187, tổ dân phố số 7 phường La Khê','Thường trú',_binary '\0'),('41','098225021235','Số 188, tổ dân phố số 7 phường La Khê','Thường trú',_binary '\0'),('42','030791438117','Số 189, tổ dân phố số 7 phường La Khê','Thường trú',_binary '\0'),('43','068892047417','Số 190, tổ dân phố số 7 phường La Khê','Thường trú',_binary '\0'),('44','013491523452','Số 191, tổ dân phố số 7 phường La Khê','Thường trú',_binary '\0'),('45','089860237471','Số 192, tổ dân phố số 7 phường La Khê','Thường trú',_binary '\0'),('46','003292225886','Số 193, tổ dân phố số 7 phường La Khê','Thường trú',_binary '\0'),('47','083277469722','Số 194, tổ dân phố số 7 phường La Khê','Thường trú',_binary '\0'),('48','032944100275','Số 195, tổ dân phố số 7 phường La Khê','Thường trú',_binary '\0'),('49','018771208506','Số 196, tổ dân phố số 7 phường La Khê','Thường trú',_binary '\0'),('5','020416643292','Số 197, tổ dân phố số 7 phường La Khê','Thường trú',_binary '\0'),('50','003929138678','Số 198, tổ dân phố số 7 phường La Khê','Thường trú',_binary '\0'),('51','027614003708','Số 199, tổ dân phố số 7 phường La Khê','Thường trú',_binary '\0'),('52','046899449389','Số 200, tổ dân phố số 7 phường La Khê','Thường trú',_binary '\0'),('53','051976402328','Số 201, tổ dân phố số 7 phường La Khê','Thường trú',_binary '\0'),('54','058068769337','Số 202, tổ dân phố số 7 phường La Khê','Thường trú',_binary '\0'),('55','046867482180','Số 203, tổ dân phố số 7 phường La Khê','Thường trú',_binary '\0'),('56','088274982449','Số 204, tổ dân phố số 7 phường La Khê','Thường trú',_binary '\0'),('57','060042835765','Số 205, tổ dân phố số 7 phường La Khê','Thường trú',_binary '\0'),('58','023172334829','Số 206, tổ dân phố số 7 phường La Khê','Thường trú',_binary '\0'),('59','075419126541','Số 207, tổ dân phố số 7 phường La Khê','Thường trú',_binary '\0'),('6','076788212526','Số 208, tổ dân phố số 7 phường La Khê','Thường trú',_binary '\0'),('60','054975152869','Số 209, tổ dân phố số 7 phường La Khê','Thường trú',_binary '\0'),('61','099303888921','Số 210, tổ dân phố số 7 phường La Khê','Thường trú',_binary '\0'),('62','011182725208','Số 211, tổ dân phố số 7 phường La Khê','Thường trú',_binary '\0'),('63','099595219036','Số 212, tổ dân phố số 7 phường La Khê','Thường trú',_binary '\0'),('64','082969267948','Số 213, tổ dân phố số 7 phường La Khê','Thường trú',_binary '\0'),('65','037283281033','Số 214, tổ dân phố số 7 phường La Khê','Thường trú',_binary '\0'),('66','030855760371','Số 215, tổ dân phố số 7 phường La Khê','Thường trú',_binary '\0'),('67','057085609159','Số 216, tổ dân phố số 7 phường La Khê','Thường trú',_binary '\0'),('68','071088287608','Số 217, tổ dân phố số 7 phường La Khê','Thường trú',_binary '\0'),('69','008778740762','Số 218, tổ dân phố số 7 phường La Khê','Thường trú',_binary '\0'),('7','048991909354','Số 219, tổ dân phố số 7 phường La Khê','Thường trú',_binary '\0'),('70','066109076045','Số 220, tổ dân phố số 7 phường La Khê','Thường trú',_binary '\0'),('71','032432638579','Số 221, tổ dân phố số 7 phường La Khê','Thường trú',_binary '\0'),('72','045566854012','Số 222, tổ dân phố số 7 phường La Khê','Thường trú',_binary '\0'),('73','054757755654','Số 223, tổ dân phố số 7 phường La Khê','Thường trú',_binary '\0'),('74','027893756586','Số 224, tổ dân phố số 7 phường La Khê','Thường trú',_binary '\0'),('75','017231797228','Số 225, tổ dân phố số 7 phường La Khê','Thường trú',_binary '\0'),('76','056318346555','Số 226, tổ dân phố số 7 phường La Khê','Thường trú',_binary '\0'),('77','025598068774','Số 227, tổ dân phố số 7 phường La Khê','Thường trú',_binary '\0'),('78','043679449113','Số 228, tổ dân phố số 7 phường La Khê','Thường trú',_binary '\0'),('79','002544345932','Số 229, tổ dân phố số 7 phường La Khê','Thường trú',_binary '\0'),('8','043404279020','Số 230, tổ dân phố số 7 phường La Khê','Thường trú',_binary '\0'),('80','036107578459','Số 231, tổ dân phố số 7 phường La Khê','Thường trú',_binary '\0'),('81','005068506689','Số 232, tổ dân phố số 7 phường La Khê','Thường trú',_binary '\0'),('82','052945259160','Số 233, tổ dân phố số 7 phường La Khê','Thường trú',_binary '\0'),('83','021897445911','Số 234, tổ dân phố số 7 phường La Khê','Thường trú',_binary '\0'),('84','021285721573','Số 235, tổ dân phố số 7 phường La Khê','Thường trú',_binary '\0'),('85','073288792280','Số 236, tổ dân phố số 7 phường La Khê','Thường trú',_binary '\0'),('86','085219282753','Số 237, tổ dân phố số 7 phường La Khê','Thường trú',_binary '\0'),('87','044039189526','Số 238, tổ dân phố số 7 phường La Khê','Thường trú',_binary '\0'),('88','089077158515','Số 239, tổ dân phố số 7 phường La Khê','Thường trú',_binary '\0'),('89','072734962504','Số 240, tổ dân phố số 7 phường La Khê','Thường trú',_binary '\0'),('9','000973499388','Số 241, tổ dân phố số 7 phường La Khê','Thường trú',_binary '\0'),('90','083213507178','Số 242, tổ dân phố số 7 phường La Khê','Thường trú',_binary '\0'),('91','099162379391','Số 243, tổ dân phố số 7 phường La Khê','Thường trú',_binary '\0'),('92','017590695671','Số 244, tổ dân phố số 7 phường La Khê','Thường trú',_binary '\0'),('93','025310256392','Số 245, tổ dân phố số 7 phường La Khê','Thường trú',_binary '\0'),('94','006434038967','Số 246, tổ dân phố số 7 phường La Khê','Thường trú',_binary '\0'),('95','051265461339','Số 247, tổ dân phố số 7 phường La Khê','Thường trú',_binary '\0'),('96','089712227928','Số 248, tổ dân phố số 7 phường La Khê','Thường trú',_binary '\0'),('97','072358522054','Số 249, tổ dân phố số 7 phường La Khê','Thường trú',_binary '\0'),('98','097344239172','Số 250, tổ dân phố số 7 phường La Khê','Thường trú',_binary '\0'),('99','080871911387','Số 251, tổ dân phố số 7 phường La Khê','Thường trú',_binary '\0');
/*!40000 ALTER TABLE `hokhau` ENABLE KEYS */;
UNLOCK TABLES;
/*!50003 SET @saved_cs_client      = @@character_set_client */ ;
/*!50003 SET @saved_cs_results     = @@character_set_results */ ;
/*!50003 SET @saved_col_connection = @@collation_connection */ ;
/*!50003 SET character_set_client  = utf8mb4 */ ;
/*!50003 SET character_set_results = utf8mb4 */ ;
/*!50003 SET collation_connection  = utf8mb4_0900_ai_ci */ ;
/*!50003 SET @saved_sql_mode       = @@sql_mode */ ;
/*!50003 SET sql_mode              = 'ONLY_FULL_GROUP_BY,STRICT_TRANS_TABLES,NO_ZERO_IN_DATE,NO_ZERO_DATE,ERROR_FOR_DIVISION_BY_ZERO,NO_ENGINE_SUBSTITUTION' */ ;
DELIMITER ;;
/*!50003 CREATE*/ /*!50017 DEFINER=`root`@`localhost`*/ /*!50003 TRIGGER `luuThayDoiForInsertHoKhau` AFTER INSERT ON `hokhau` FOR EACH ROW begin
	declare hotenNguoiThayDoi varchar(50);
    declare noidungthaydoi varchar(300);
    select HoTen into hotenNguoiThayDoi from nhankhau where CCCD = new.ChuHoID;
    set noidungthaydoi = concat(N'Hộ ',new.SoHK,N' được tạo mới ở địa chỉ ',new.DiaChi,N' với chủ hộ là ',hotenNguoiThayDoi,' (',new.ChuHoID,')');
    insert into ThayDoi (HoKhauID,NgayThayDoi,NoiDung) values (new.SoHK,curdate(),noidungthaydoi);
end */;;
DELIMITER ;
/*!50003 SET sql_mode              = @saved_sql_mode */ ;
/*!50003 SET character_set_client  = @saved_cs_client */ ;
/*!50003 SET character_set_results = @saved_cs_results */ ;
/*!50003 SET collation_connection  = @saved_col_connection */ ;
/*!50003 SET @saved_cs_client      = @@character_set_client */ ;
/*!50003 SET @saved_cs_results     = @@character_set_results */ ;
/*!50003 SET @saved_col_connection = @@collation_connection */ ;
/*!50003 SET character_set_client  = utf8mb4 */ ;
/*!50003 SET character_set_results = utf8mb4 */ ;
/*!50003 SET collation_connection  = utf8mb4_0900_ai_ci */ ;
/*!50003 SET @saved_sql_mode       = @@sql_mode */ ;
/*!50003 SET sql_mode              = 'ONLY_FULL_GROUP_BY,STRICT_TRANS_TABLES,NO_ZERO_IN_DATE,NO_ZERO_DATE,ERROR_FOR_DIVISION_BY_ZERO,NO_ENGINE_SUBSTITUTION' */ ;
DELIMITER ;;
/*!50003 CREATE*/ /*!50017 DEFINER=`root`@`localhost`*/ /*!50003 TRIGGER `luuThayDoiForUpdateHoKhau` AFTER UPDATE ON `hokhau` FOR EACH ROW begin
	declare hotenNguoiThayDoi varchar(50);
    declare noidungthaydoi varchar(300);
    select HoTen into hotenNguoiThayDoi from nhankhau where CCCD = new.ChuHoID;
    if(new.ChuHoID <> old.ChuHoID) then
		set noidungthaydoi = concat(N'Thay đổi chủ hộ thành: ',hotenNguoiThayDoi,' (',new.ChuHoID,')');
		insert into ThayDoi (HoKhauID,NgayThayDoi,NoiDung) values (new.SoHK,curdate(),noidungthaydoi);
	end if;
    if(new.DiaChi <> old.DiaChi) then
		set noidungthaydoi = concat(N'Thay đổi địa chỉ thành: ',new.DiaChi);
		insert into ThayDoi (HoKhauID,NgayThayDoi,NoiDung) values (new.SoHK,curdate(),noidungthaydoi);
	end if;
end */;;
DELIMITER ;
/*!50003 SET sql_mode              = @saved_sql_mode */ ;
/*!50003 SET character_set_client  = @saved_cs_client */ ;
/*!50003 SET character_set_results = @saved_cs_results */ ;
/*!50003 SET collation_connection  = @saved_col_connection */ ;

--
-- Table structure for table `loaiphi`
--

DROP TABLE IF EXISTS `loaiphi`;
/*!40101 SET @saved_cs_client     = @@character_set_client */;
/*!50503 SET character_set_client = utf8mb4 */;
CREATE TABLE `loaiphi` (
  `ID` int NOT NULL AUTO_INCREMENT,
  `TenPhi` varchar(255) NOT NULL,
  `Loai` varchar(15) NOT NULL,
  `NgayBatDauThu` date NOT NULL,
  PRIMARY KEY (`ID`,`TenPhi`),
  UNIQUE KEY `TenPhi_UNIQUE` (`TenPhi`)
) ENGINE=InnoDB AUTO_INCREMENT=21 DEFAULT CHARSET=utf8mb4 COLLATE=utf8mb4_0900_ai_ci;
/*!40101 SET character_set_client = @saved_cs_client */;

--
-- Dumping data for table `loaiphi`
--

LOCK TABLES `loaiphi` WRITE;
/*!40000 ALTER TABLE `loaiphi` DISABLE KEYS */;
INSERT INTO `loaiphi` VALUES (1,'Phí vệ sinh 2022','Phí thu','2023-01-01'),(2,'Chung tay đẩy lùi Covid-19','Đóng góp','2023-01-01'),(3,'Giúp đỡ học sinh nghèo vượt khó','Đóng góp','2023-01-01'),(4,'Giúp đỡ người cao tuổi','Đóng góp','2023-01-01'),(5,'Khen thưởng học sinh giỏi','Đóng góp','2023-01-01'),(6,'Trợ giúp đồng bào bị ảnh hưởng bão lụt','Đóng góp','2023-01-01'),(7,'Ủng hộ ngày tết thiếu nhi','Đóng góp','2023-01-01'),(8,'Ủng hộ ngày thương binh-liệt sỹ 27/07','Đóng góp','2023-01-01'),(9,'Ủng hộ vì người nghèo','Đóng góp','2023-01-01');
/*!40000 ALTER TABLE `loaiphi` ENABLE KEYS */;
UNLOCK TABLES;

--
-- Table structure for table `nhankhau`
--

DROP TABLE IF EXISTS `nhankhau`;
/*!40101 SET @saved_cs_client     = @@character_set_client */;
/*!50503 SET character_set_client = utf8mb4 */;
CREATE TABLE `nhankhau` (
  `CCCD` varchar(12) NOT NULL COMMENT 'Mã số CCCD hoặc CMND',
  `HoTen` varchar(50) CHARACTER SET utf8mb3 COLLATE utf8mb3_general_ci NOT NULL,
  `BiDanh` varchar(50) CHARACTER SET utf8mb3 COLLATE utf8mb3_general_ci DEFAULT NULL,
  `NgaySinh` date NOT NULL,
  `NoiSinh` varchar(300) CHARACTER SET utf8mb3 COLLATE utf8mb3_general_ci NOT NULL,
  `QueQuan` varchar(300) CHARACTER SET utf8mb3 COLLATE utf8mb3_general_ci NOT NULL,
  `GioiTinh` varchar(3) CHARACTER SET utf8mb3 COLLATE utf8mb3_general_ci NOT NULL,
  `DanToc` varchar(20) CHARACTER SET utf8mb3 COLLATE utf8mb3_general_ci DEFAULT NULL,
  `QuocTich` varchar(50) CHARACTER SET utf8mb3 COLLATE utf8mb3_general_ci NOT NULL,
  `NgheNghiep` varchar(100) CHARACTER SET utf8mb3 COLLATE utf8mb3_general_ci DEFAULT NULL COMMENT 'Không co việc làm thì bỏ trống',
  `NoiLamViec` varchar(300) CHARACTER SET utf8mb3 COLLATE utf8mb3_general_ci DEFAULT NULL COMMENT 'Không có việc làm thì bỏ trống',
  PRIMARY KEY (`CCCD`)
) ENGINE=InnoDB DEFAULT CHARSET=utf8mb4 COLLATE=utf8mb4_0900_ai_ci COMMENT='Quan hệ nhân khẩu';
/*!40101 SET character_set_client = @saved_cs_client */;

--
-- Dumping data for table `nhankhau`
--

LOCK TABLES `nhankhau` WRITE;
/*!40000 ALTER TABLE `nhankhau` DISABLE KEYS */;
INSERT INTO `nhankhau` VALUES ('000057127152','Danh Thiệt Dal',NULL,'2007-07-29','Phố 7 phường La Khê','Phố 7 phường La Khê','Nam','Kinh','Việt Nam','2007-7-29',NULL),('000092343613','Phan Minh Tiến',NULL,'1972-10-15','Phố 7 phường La Khê','Phố 7 phường La Khê','Nam','Kinh','Việt Nam','Thợ sửa ống nước',NULL),('000299701497','Lê Diệu Ân',NULL,'2012-04-21','Phố 7 phường La Khê','Phố 7 phường La Khê','Nữ','Kinh','Việt Nam','Học sinh',NULL),('000492540122','Mai Thị Thu Hằng',NULL,'1981-04-04','Phố 7 phường La Khê','Phố 7 phường La Khê','Nữ','Kinh','Việt Nam','Giáo viên',NULL),('000559411051','Võ Ngọc Chi',NULL,'2006-04-09','Phố 7 phường La Khê','Phố 7 phường La Khê','Nữ','Kinh','Việt Nam','Học sinh',NULL),('000670970486','Lê Ngọc Dương',NULL,'2000-03-27','Phố 7 phường La Khê','Phố 7 phường La Khê','Nam','Kinh','Việt Nam','Sinh viên',NULL),('000747860504','Trần Phương Hiệp',NULL,'1975-01-07','Phố 7 phường La Khê','Phố 7 phường La Khê','Nam','Kinh','Việt Nam','Thợ chuyên nghiệp',NULL),('000787765319','Trần Thị Thuỳ Dương',NULL,'1984-06-28','Phố 7 phường La Khê','Phố 7 phường La Khê','Nữ','Kinh','Việt Nam','Nghệ sĩ',NULL),('000962588199','Lê Nguyễn Trúc Ly',NULL,'1982-01-06','Phố 7 phường La Khê','Phố 7 phường La Khê','Nữ','Kinh','Việt Nam','Giáo viên',NULL),('000973499388','Trần Minh Dũng',NULL,'1979-09-01','Phố 7 phường La Khê','Phố 7 phường La Khê','Nam','Kinh','Việt Nam','Nhà tổ chức sự kiện',NULL),('001056367209','Lê Bùi Trúc Phương',NULL,'2000-01-03','Phố 7 phường La Khê','Phố 7 phường La Khê','Nữ','Kinh','Việt Nam','Sinh viên',NULL),('001091847754','Nguyễn Như Mai',NULL,'1967-09-19','Phố 7 phường La Khê','Phố 7 phường La Khê','Nữ','Kinh','Việt Nam','Y tá',NULL),('001095822961','Đặng Xuân Trường',NULL,'2007-04-17','Phố 7 phường La Khê','Phố 7 phường La Khê','Nam','Kinh','Việt Nam','2007-4-17',NULL),('001162612593','Trần Thị Ngọc Xương',NULL,'1984-01-24','Phố 7 phường La Khê','Phố 7 phường La Khê','Nữ','Kinh','Việt Nam','Đầu bếp',NULL),('001201714062','Quyền Tùng Lâm',NULL,'1971-12-29','Phố 7 phường La Khê','Phố 7 phường La Khê','Nam','Kinh','Việt Nam','Nhân viên IT',NULL),('001419632012','Nguyễn Quang Trường',NULL,'2009-10-20','Phố 7 phường La Khê','Phố 7 phường La Khê','Nam','Kinh','Việt Nam','Học sinh',NULL),('001464479814','Võ Thiện Như',NULL,'1967-11-17','Phố 7 phường La Khê','Phố 7 phường La Khê','Nữ','Kinh','Việt Nam','Nhà thiết kế đồ họa',NULL),('001706197653','Võ Ngọc Chi',NULL,'1981-12-30','Phố 7 phường La Khê','Phố 7 phường La Khê','Nữ','Kinh','Việt Nam','Bác sĩ',NULL),('001965393425','Đoàn Thị Tú Uyên',NULL,'1967-03-11','Phố 7 phường La Khê','Phố 7 phường La Khê','Nữ','Kinh','Việt Nam','Quản lý bán hàng',NULL),('001965395483','Nguyễn Khoa Phương Linh',NULL,'1978-05-26','Phố 7 phường La Khê','Phố 7 phường La Khê','Nữ','Kinh','Việt Nam','Nhân viên vệ sinh',NULL),('002046462591','Bùi Hoàng Nam',NULL,'2001-02-17','Phố 7 phường La Khê','Phố 7 phường La Khê','Nam','Kinh','Việt Nam','Sinh viên',NULL),('002075714918','Võ Thị Hảo',NULL,'2004-03-10','Phố 7 phường La Khê','Phố 7 phường La Khê','Nữ','Kinh','Việt Nam','Sinh viên',NULL),('002130893709','Trần Như Minh',NULL,'2007-11-11','Phố 7 phường La Khê','Phố 7 phường La Khê','Nam','Kinh','Việt Nam','Học sinh',NULL),('002177701003','Trần Hoài Thanh',NULL,'1971-11-04','Phố 7 phường La Khê','Phố 7 phường La Khê','Nam','Kinh','Việt Nam','Nghệ sĩ',NULL),('002398518601','Đặng Thị Thanh Hoàng',NULL,'1976-05-14','Phố 7 phường La Khê','Phố 7 phường La Khê','Nữ','Kinh','Việt Nam','Thợ làm tóc',NULL),('002482108013','Lê Xuân Hoàng',NULL,'1971-06-25','Phố 7 phường La Khê','Phố 7 phường La Khê','Nam','Kinh','Việt Nam','Nhà phân tích tài chính',NULL),('002544345932','Phạm Minh Sơn',NULL,'1972-01-11','Phố 7 phường La Khê','Phố 7 phường La Khê','Nam','Kinh','Việt Nam','Môi giới bất động sản',NULL),('002553453211','Lưu Hồng Hạnh',NULL,'1978-11-13','Phố 7 phường La Khê','Phố 7 phường La Khê','Nữ','Kinh','Việt Nam','Nghệ sĩ',NULL),('002596211353','Đặng Nam Hiền Thảo',NULL,'1968-06-02','Phố 7 phường La Khê','Phố 7 phường La Khê','Nữ','Kinh','Việt Nam','Nha sĩ',NULL),('002692369099','Lục Thị Trang',NULL,'2000-06-24','Phố 7 phường La Khê','Phố 7 phường La Khê','Nữ','Kinh','Việt Nam','Sinh viên',NULL),('002734904260','Phan Quang Khải',NULL,'1962-05-15','Phố 7 phường La Khê','Phố 7 phường La Khê','Nam','Kinh','Việt Nam','Thợ hồ',NULL),('002736385594','Lê Thị Thôi',NULL,'1967-10-24','Phố 7 phường La Khê','Phố 7 phường La Khê','Nữ','Kinh','Việt Nam','Nghệ sĩ',NULL),('003009591425','Phan Thị Kim Yến',NULL,'2009-04-08','Phố 7 phường La Khê','Phố 7 phường La Khê','Nữ','Kinh','Việt Nam','Học sinh',NULL),('003292225886','Doãn Văn Tuấn',NULL,'1973-03-08','Phố 7 phường La Khê','Phố 7 phường La Khê','Nam','Kinh','Việt Nam','Thợ xây',NULL),('003398685931','Trần Việt Huy',NULL,'2014-05-27','Phố 7 phường La Khê','Phố 7 phường La Khê','Nam','Kinh','Việt Nam','2014-5-27',NULL),('003524325019','Phạm Ngô Anh Quân',NULL,'2012-07-29','Phố 7 phường La Khê','Phố 7 phường La Khê','Nam','Kinh','Việt Nam','Học sinh',NULL),('003560117721','Trần Đức Lương',NULL,'2010-09-30','Phố 7 phường La Khê','Phố 7 phường La Khê','Nam','Kinh','Việt Nam','Học sinh',NULL),('003685192530','Nguyễn Ngọc Tường',NULL,'2007-12-04','Phố 7 phường La Khê','Phố 7 phường La Khê','Nam','Kinh','Việt Nam','Học sinh',NULL),('003692676837','Ngô Thị Thanh Vân',NULL,'2001-06-07','Phố 7 phường La Khê','Phố 7 phường La Khê','Nữ','Kinh','Việt Nam','Sinh viên',NULL),('003802808353','Thái Thị Thanh Thủy',NULL,'2007-10-19','Phố 7 phường La Khê','Phố 7 phường La Khê','Nữ','Kinh','Việt Nam','Học sinh',NULL),('003834382475','Văn Thái Nhân',NULL,'1973-04-18','Phố 7 phường La Khê','Phố 7 phường La Khê','Nam','Kinh','Việt Nam','Chuyên viên tiếp thị',NULL),('003866212909','Trần Khải',NULL,'2002-12-24','Phố 7 phường La Khê','Phố 7 phường La Khê','Nam','Kinh','Việt Nam','Sinh viên',NULL),('003896907949','Phạm Thị Trúc Lam',NULL,'1975-07-11','Phố 7 phường La Khê','Phố 7 phường La Khê','Nữ','Kinh','Việt Nam','Kỹ sư cơ khí',NULL),('003906004847','Đỗ Văn Ngọc',NULL,'2004-04-19','Phố 7 phường La Khê','Phố 7 phường La Khê','Nam','Kinh','Việt Nam','2004-4-19',NULL),('003929138678','Nguyễn Đan Trường',NULL,'1965-09-16','Phố 7 phường La Khê','Phố 7 phường La Khê','Nam','Kinh','Việt Nam','Nhân viên vệ sinh',NULL),('004170957702','Nguyễn Thị Thu Ngân',NULL,'1976-02-01','Phố 7 phường La Khê','Phố 7 phường La Khê','Nữ','Kinh','Việt Nam','Đầu bếp',NULL),('004185811256','Đỗ Huyền My',NULL,'1973-07-07','Phố 7 phường La Khê','Phố 7 phường La Khê','Nữ','Kinh','Việt Nam','Nhiếp ảnh gia',NULL),('004207549167','Huỳnh Hồng Ngọc',NULL,'2003-04-15','Phố 7 phường La Khê','Phố 7 phường La Khê','Nữ','Kinh','Việt Nam','Sinh viên',NULL),('004328684372','Dương Trần Sơn Long',NULL,'2010-12-06','Phố 7 phường La Khê','Phố 7 phường La Khê','Nam','Kinh','Việt Nam','Học sinh',NULL),('004359267823','Trần Huỳnh Sỹ Hồ',NULL,'1967-05-17','Phố 7 phường La Khê','Phố 7 phường La Khê','Nam','Kinh','Việt Nam','Thợ xây',NULL),('004376328130','Phạm Công Tâm',NULL,'1966-04-18','Phố 7 phường La Khê','Phố 7 phường La Khê','Nam','Kinh','Việt Nam','Kiến trúc sư',NULL),('004402015011','Lê Ngọc Thảo Yên',NULL,'2012-07-28','Phố 7 phường La Khê','Phố 7 phường La Khê','Nữ','Kinh','Việt Nam','Học sinh',NULL),('004408853550','Trịnh Thị Ngọc Hương',NULL,'1977-04-09','Phố 7 phường La Khê','Phố 7 phường La Khê','Nữ','Kinh','Việt Nam','Quản lý nhân sự',NULL),('004471681844','Nguyễn Lưu Phong',NULL,'1963-06-11','Phố 7 phường La Khê','Phố 7 phường La Khê','Nam','Kinh','Việt Nam','Kế toán viên',NULL),('004476238230','Nguyễn Minh Nhật Trường',NULL,'1960-09-29','Phố 7 phường La Khê','Phố 7 phường La Khê','Nam','Kinh','Việt Nam','Nhà phân tích tài chính',NULL),('004631265840','Nguyễn Ngọc Tường',NULL,'2013-10-12','Phố 7 phường La Khê','Phố 7 phường La Khê','Nam','Kinh','Việt Nam','Học sinh',NULL),('004683088819','Lê Văn Tùng',NULL,'2009-02-19','Phố 7 phường La Khê','Phố 7 phường La Khê','Nam','Kinh','Việt Nam','Học sinh',NULL),('004766197733','Nguyễn Quốc An',NULL,'2006-02-27','Phố 7 phường La Khê','Phố 7 phường La Khê','Nam','Kinh','Việt Nam','Học sinh',NULL),('004879517155','Lê Hải Long',NULL,'2009-07-12','Phố 7 phường La Khê','Phố 7 phường La Khê','Nam','Kinh','Việt Nam','Học sinh',NULL),('004941106464','Phan Thị Hải Yến',NULL,'1978-05-26','Phố 7 phường La Khê','Phố 7 phường La Khê','Nữ','Kinh','Việt Nam','Trợ lý pháp lý',NULL),('004941135849','Phan Hồng Nhung',NULL,'2005-06-12','Phố 7 phường La Khê','Phố 7 phường La Khê','Nữ','Kinh','Việt Nam','Sinh viên',NULL),('004974723907','Trần Thị Thúy Trinh',NULL,'2006-01-31','Phố 7 phường La Khê','Phố 7 phường La Khê','Nữ','Kinh','Việt Nam','Học sinh',NULL),('005068506689','Đào Phúc Lâm',NULL,'1972-10-15','Phố 7 phường La Khê','Phố 7 phường La Khê','Nam','Kinh','Việt Nam','Giáo viên',NULL),('005099211017','Nguyễn Phan Nhã Quỳnh',NULL,'1975-02-21','Phố 7 phường La Khê','Phố 7 phường La Khê','Nữ','Kinh','Việt Nam','Kiến trúc sư',NULL),('005169406402','Trần Thị Thúy Trinh',NULL,'1973-02-22','Phố 7 phường La Khê','Phố 7 phường La Khê','Nữ','Kinh','Việt Nam','Kỹ sư cơ khí',NULL),('005214849852','La Thị Nhi',NULL,'1971-10-22','Phố 7 phường La Khê','Phố 7 phường La Khê','Nữ','Kinh','Việt Nam','Nhân viên tổ chức sự kiện',NULL),('005354644480','Nguyễn Chí Khải',NULL,'2001-10-08','Phố 7 phường La Khê','Phố 7 phường La Khê','Nam','Kinh','Việt Nam','Sinh viên',NULL),('005379792190','Đặng Quốc Hào',NULL,'1960-09-25','Phố 7 phường La Khê','Phố 7 phường La Khê','Nam','Kinh','Việt Nam','Đầu bếp',NULL),('005489593274','Nguyễn Thái Minh Đức',NULL,'1976-09-02','Phố 7 phường La Khê','Phố 7 phường La Khê','Nam','Kinh','Việt Nam','Thợ lắp ráp',NULL),('005557756621','Lê Thị Hương Giang',NULL,'1979-07-30','Phố 7 phường La Khê','Phố 7 phường La Khê','Nữ','Kinh','Việt Nam','Nhà báo',NULL),('005611081461','Khê Nữ Mỹ Chung',NULL,'2002-05-27','Phố 7 phường La Khê','Phố 7 phường La Khê','Nữ','Kinh','Việt Nam','Sinh viên',NULL),('005655663290','Phan Tuấn Hiệp',NULL,'2004-04-10','Phố 7 phường La Khê','Phố 7 phường La Khê','Nam','Kinh','Việt Nam','Sinh viên',NULL),('005713878468','Đặng Đình Duy',NULL,'1978-05-31','Phố 7 phường La Khê','Phố 7 phường La Khê','Nam','Kinh','Việt Nam','Thợ cắt tóc',NULL),('005775382615','Phạm Hoàng Thảo Ngân',NULL,'1985-10-28','Phố 7 phường La Khê','Phố 7 phường La Khê','Nữ','Kinh','Việt Nam','Quản lý bán hàng',NULL),('005818278278','Vũ Tiến Hiến',NULL,'1970-06-14','Phố 7 phường La Khê','Phố 7 phường La Khê','Nam','Kinh','Việt Nam','Bác sĩ',NULL),('005833880431','Nguyễn Thanh Lan',NULL,'1968-02-05','Phố 7 phường La Khê','Phố 7 phường La Khê','Nữ','Kinh','Việt Nam','Kiểm toán',NULL),('005938698278','Nguyễn Viết Mạnh',NULL,'1978-02-26','Phố 7 phường La Khê','Phố 7 phường La Khê','Nam','Kinh','Việt Nam','Diễn viên',NULL),('005996380849','Nguyễn Thị Thanh Thúy',NULL,'1984-08-02','Phố 7 phường La Khê','Phố 7 phường La Khê','Nữ','Kinh','Việt Nam','Bác sĩ',NULL),('006065526766','Thái Khánh Hà',NULL,'1985-01-17','Phố 7 phường La Khê','Phố 7 phường La Khê','Nữ','Kinh','Việt Nam','Bác sĩ',NULL),('006434038967','Dương Chánh Vũ',NULL,'1976-08-30','Phố 7 phường La Khê','Phố 7 phường La Khê','Nam','Kinh','Việt Nam','Cảnh sát',NULL),('006524895333','Huỳnh Ngọc Hiệp Ý',NULL,'2004-06-29','Phố 7 phường La Khê','Phố 7 phường La Khê','Nữ','Kinh','Việt Nam','Sinh viên',NULL),('006758389612','Trần Kim Sen',NULL,'2012-12-27','Phố 7 phường La Khê','Phố 7 phường La Khê','Nam','Kinh','Việt Nam','Học sinh',NULL),('006930726986','Quyền Tùng Lâm',NULL,'2015-02-03','Phố 7 phường La Khê','Phố 7 phường La Khê','Nam','Kinh','Việt Nam','Học sinh',NULL),('006938776310','Nguyễn Thị Hằng',NULL,'1966-03-09','Phố 7 phường La Khê','Phố 7 phường La Khê','Nữ','Kinh','Việt Nam','Thợ làm tóc',NULL),('007146273322','Thái Hoàng Nhân',NULL,'1970-07-04','Phố 7 phường La Khê','Phố 7 phường La Khê','Nam','Kinh','Việt Nam','Nhà báo',NULL),('007320878312','Vũ Tiến Hiến',NULL,'1978-04-05','Phố 7 phường La Khê','Phố 7 phường La Khê','Nam','Kinh','Việt Nam','Kỹ sư phần mềm',NULL),('007533983483','Nguyễn Văn Động',NULL,'2007-03-15','Phố 7 phường La Khê','Phố 7 phường La Khê','Nam','Kinh','Việt Nam','Học sinh',NULL),('007654888094','Nguyễn Tấn Khải',NULL,'2008-12-29','Phố 7 phường La Khê','Phố 7 phường La Khê','Nam','Kinh','Việt Nam','Học sinh',NULL),('007790994919','Trần Thị Thúy Trinh',NULL,'2008-06-26','Phố 7 phường La Khê','Phố 7 phường La Khê','Nữ','Kinh','Việt Nam','Học sinh',NULL),('007838350738','Trịnh Bá Việt Anh',NULL,'1963-10-19','Phố 7 phường La Khê','Phố 7 phường La Khê','Nam','Kinh','Việt Nam','Nghệ sĩ',NULL),('007864202772','Trần Hồng Thủy Tiên',NULL,'1982-12-28','Phố 7 phường La Khê','Phố 7 phường La Khê','Nữ','Kinh','Việt Nam','Nhân viên vệ sinh',NULL),('007872977441','Trần Ngọc Quốc',NULL,'2007-09-11','Phố 7 phường La Khê','Phố 7 phường La Khê','Nam','Kinh','Việt Nam','2007-9-11',NULL),('007937970015','Đỗ Thanh Trâm',NULL,'2005-09-24','Phố 7 phường La Khê','Phố 7 phường La Khê','Nữ','Kinh','Việt Nam','Sinh viên',NULL),('007993282984','Phạm Hoài Linh',NULL,'2000-03-17','Phố 7 phường La Khê','Phố 7 phường La Khê','Nữ','Kinh','Việt Nam','Sinh viên',NULL),('008138258569','Đào Công Huy',NULL,'1961-11-04','Phố 7 phường La Khê','Phố 7 phường La Khê','Nam','Kinh','Việt Nam','Thợ làm tóc',NULL),('008287958357','Nguyễn Phụng Hoàn Minh',NULL,'2009-10-14','Phố 7 phường La Khê','Phố 7 phường La Khê','Nam','Kinh','Việt Nam','Học sinh',NULL),('008778740762','Nguyễn Quang Thịnh',NULL,'1979-12-16','Phố 7 phường La Khê','Phố 7 phường La Khê','Nam','Kinh','Việt Nam','Đầu bếp',NULL),('008793524550','Nguyễn Thị Thành Vinh',NULL,'2000-04-06','Phố 7 phường La Khê','Phố 7 phường La Khê','Nữ','Kinh','Việt Nam','Sinh viên',NULL),('008854091419','Hồ Quang Long',NULL,'1980-12-04','Phố 7 phường La Khê','Phố 7 phường La Khê','Nam','Kinh','Việt Nam','Kỹ sư cơ khí',NULL),('008858088503','Cao Ngọc Gia Bảo',NULL,'2004-11-21','Phố 7 phường La Khê','Phố 7 phường La Khê','Nữ','Kinh','Việt Nam','Sinh viên',NULL),('008954248222','Đoàn Thị Phương Thảo',NULL,'1967-09-13','Phố 7 phường La Khê','Phố 7 phường La Khê','Nữ','Kinh','Việt Nam','Kế toán viên',NULL),('009376815048','Phạm Thị Huyền ',NULL,'2012-03-09','Phố 7 phường La Khê','Phố 7 phường La Khê','Nữ','Kinh','Việt Nam','Học sinh',NULL),('009399918189','Phan Đình Hiếu',NULL,'1980-12-04','Phố 7 phường La Khê','Phố 7 phường La Khê','Nam','Kinh','Việt Nam','Nhân viên tổ chức sự kiện',NULL),('009466561289','Hoàng Sỹ Hiếu',NULL,'2007-03-14','Phố 7 phường La Khê','Phố 7 phường La Khê','Nam','Kinh','Việt Nam','Học sinh',NULL),('009681057550','Võ Thị Lệ Thanh',NULL,'2003-01-27','Phố 7 phường La Khê','Phố 7 phường La Khê','Nữ','Kinh','Việt Nam','Sinh viên',NULL),('009744403057','Nguyễn Hải Lương',NULL,'1979-08-17','Phố 7 phường La Khê','Phố 7 phường La Khê','Nam','Kinh','Việt Nam','Đầu bếp',NULL),('009765754694','Lê Xuân Anh',NULL,'1978-01-02','Phố 7 phường La Khê','Phố 7 phường La Khê','Nữ','Kinh','Việt Nam','Kiểm toán',NULL),('010053159977','Lưu Quỳnh Anh',NULL,'2009-09-04','Phố 7 phường La Khê','Phố 7 phường La Khê','Nữ','Kinh','Việt Nam','Học sinh',NULL),('010221515284','Võ Thùy Tường Vy',NULL,'2014-05-17','Phố 7 phường La Khê','Phố 7 phường La Khê','Nữ','Kinh','Việt Nam','Học sinh',NULL),('010325627905','Nguyễn Văn Lam',NULL,'2013-12-15','Phố 7 phường La Khê','Phố 7 phường La Khê','Nam','Kinh','Việt Nam','Học sinh',NULL),('010405251442','Lê Thúy Lan Anh',NULL,'2006-10-28','Phố 7 phường La Khê','Phố 7 phường La Khê','Nữ','Kinh','Việt Nam','Học sinh',NULL),('010483199988','Lý Quỳnh Như',NULL,'1971-09-23','Phố 7 phường La Khê','Phố 7 phường La Khê','Nữ','Kinh','Việt Nam','Nhiếp ảnh gia',NULL),('010582700253','Lê Thị Hương Giang',NULL,'1977-04-01','Phố 7 phường La Khê','Phố 7 phường La Khê','Nữ','Kinh','Việt Nam','Nhà thiết kế đồ họa',NULL),('010708091238','Huỳnh Đăng Nguyện',NULL,'2002-09-08','Phố 7 phường La Khê','Phố 7 phường La Khê','Nam','Kinh','Việt Nam','Sinh viên',NULL),('010712352102','Đào Trọng Nghĩa',NULL,'1977-04-25','Phố 7 phường La Khê','Phố 7 phường La Khê','Nam','Kinh','Việt Nam','Thợ làm tóc',NULL),('010891213525','Hoàng Hùng',NULL,'1975-08-26','Phố 7 phường La Khê','Phố 7 phường La Khê','Nam','Kinh','Việt Nam','Môi giới bất động sản',NULL),('011182725208','Đỗ Duy Tú',NULL,'1980-02-09','Phố 7 phường La Khê','Phố 7 phường La Khê','Nam','Kinh','Việt Nam','Thợ sửa máy',NULL),('011316112726','Đỗ Xuân Thể',NULL,'2011-10-06','Phố 7 phường La Khê','Phố 7 phường La Khê','Nam','Kinh','Việt Nam','Học sinh',NULL),('011403505425','Phan Thị Thúy Vân',NULL,'2003-07-28','Phố 7 phường La Khê','Phố 7 phường La Khê','Nữ','Kinh','Việt Nam','Sinh viên',NULL),('011405572714','Đinh Trọng Quỳnh',NULL,'1970-05-24','Phố 7 phường La Khê','Phố 7 phường La Khê','Nam','Kinh','Việt Nam','Nhiếp ảnh gia',NULL),('011513981879','Trần Minh Khánh',NULL,'2002-12-06','Phố 7 phường La Khê','Phố 7 phường La Khê','Nam','Kinh','Việt Nam','Sinh viên',NULL),('011517797714','Lê Đình Đức',NULL,'1962-11-16','Phố 7 phường La Khê','Phố 7 phường La Khê','Nam','Kinh','Việt Nam','Giáo viên',NULL),('011563140174','Nguyễn Hoàng Thuận',NULL,'1966-01-10','Phố 7 phường La Khê','Phố 7 phường La Khê','Nữ','Kinh','Việt Nam','Đầu bếp',NULL),('011603806678','Nguyễn Thị Cẩm Hướng',NULL,'1967-01-15','Phố 7 phường La Khê','Phố 7 phường La Khê','Nữ','Kinh','Việt Nam','Quản lý truyền thông xã hội',NULL),('011640265368','Phan Thị Hải Yến',NULL,'2005-07-27','Phố 7 phường La Khê','Phố 7 phường La Khê','Nữ','Kinh','Việt Nam','Sinh viên',NULL),('011696960453','Nguyễn Ngọc Trúc Anh',NULL,'2014-09-01','Phố 7 phường La Khê','Phố 7 phường La Khê','Nữ','Kinh','Việt Nam','Học sinh',NULL),('011837645357','Trịnh Thị Nga',NULL,'2012-03-13','Phố 7 phường La Khê','Phố 7 phường La Khê','Nữ','Kinh','Việt Nam','Học sinh',NULL),('012005725899','Nguyễn Ngọc Hoàn',NULL,'2009-05-08','Phố 7 phường La Khê','Phố 7 phường La Khê','Nam','Kinh','Việt Nam','2009-5-8',NULL),('012093950085','Đặngthảo Vi',NULL,'2013-03-25','Phố 7 phường La Khê','Phố 7 phường La Khê','Nữ','Kinh','Việt Nam','Học sinh',NULL),('012275432002','Phan Lệ Cẩm',NULL,'2003-08-10','Phố 7 phường La Khê','Phố 7 phường La Khê','Nữ','Kinh','Việt Nam','Sinh viên',NULL),('012362261499','Trần Duy Hiệp',NULL,'2010-01-14','Phố 7 phường La Khê','Phố 7 phường La Khê','Nam','Kinh','Việt Nam','Học sinh',NULL),('012396562534','Đinh Thị Thùy Trang',NULL,'2002-01-16','Phố 7 phường La Khê','Phố 7 phường La Khê','Nữ','Kinh','Việt Nam','Sinh viên',NULL),('012563063734','Nguyễn Ngọc Thanh Thi',NULL,'2011-04-23','Phố 7 phường La Khê','Phố 7 phường La Khê','Nữ','Kinh','Việt Nam','Học sinh',NULL),('012579504619','Đỗ Xuân Thể',NULL,'1961-12-21','Phố 7 phường La Khê','Phố 7 phường La Khê','Nam','Kinh','Việt Nam','Y tá',NULL),('012691392722','Lê Hải Long',NULL,'2007-02-22','Phố 7 phường La Khê','Phố 7 phường La Khê','Nam','Kinh','Việt Nam','2007-2-22',NULL),('012904515345','Đoàn Thị Phương Thảo',NULL,'1972-10-24','Phố 7 phường La Khê','Phố 7 phường La Khê','Nữ','Kinh','Việt Nam','Giáo viên',NULL),('013233127941','Nguyễn Bảo Nhân',NULL,'1975-10-31','Phố 7 phường La Khê','Phố 7 phường La Khê','Nam','Kinh','Việt Nam','Huấn luyện viên thể dục',NULL),('013313676347','Trần Kim Sen',NULL,'1962-07-07','Phố 7 phường La Khê','Phố 7 phường La Khê','Nam','Kinh','Việt Nam','Quản lý bán hàng',NULL),('013491523452','Phạm Tuấn Thao',NULL,'1964-11-08','Phố 7 phường La Khê','Phố 7 phường La Khê','Nam','Kinh','Việt Nam','Nhân viên chăm sóc khách hàng',NULL),('013782400116','Phan Duy Nam',NULL,'2006-11-30','Phố 7 phường La Khê','Phố 7 phường La Khê','Nam','Kinh','Việt Nam','Học sinh',NULL),('013898446226','Nguyễn Chí Khải',NULL,'2003-12-30','Phố 7 phường La Khê','Phố 7 phường La Khê','Nam','Kinh','Việt Nam','Sinh viên',NULL),('014144504226','Bùi Văn Tài',NULL,'2001-07-22','Phố 7 phường La Khê','Phố 7 phường La Khê','Nam','Kinh','Việt Nam','2001-7-22',NULL),('014152105854','Lê Sỹ Thanh',NULL,'2002-02-27','Phố 7 phường La Khê','Phố 7 phường La Khê','Nam','Kinh','Việt Nam','Sinh viên',NULL),('014173831842','Chu Vân Anh',NULL,'1974-06-02','Phố 7 phường La Khê','Phố 7 phường La Khê','Nữ','Kinh','Việt Nam','Quản lý truyền thông xã hội',NULL),('014193509559','Phạm Duy',NULL,'1965-07-10','Phố 7 phường La Khê','Phố 7 phường La Khê','Nam','Kinh','Việt Nam','Kỹ sư phần mềm',NULL),('014238823178','Trần Tú Trân',NULL,'1969-03-14','Phố 7 phường La Khê','Phố 7 phường La Khê','Nữ','Kinh','Việt Nam','Nhân viên vệ sinh',NULL),('014547334046','Lưu Văn Phương',NULL,'2010-03-30','Phố 7 phường La Khê','Phố 7 phường La Khê','Nam','Kinh','Việt Nam','Học sinh',NULL),('014605232094','Phạm Thị Thuý Lệ',NULL,'1969-10-30','Phố 7 phường La Khê','Phố 7 phường La Khê','Nữ','Kinh','Việt Nam','Bác sĩ',NULL),('014611587966','Đỗ Minh Quang',NULL,'2011-07-12','Phố 7 phường La Khê','Phố 7 phường La Khê','Nam','Kinh','Việt Nam','Học sinh',NULL),('014692226340','Đặng Minh Sáng',NULL,'2002-01-23','Phố 7 phường La Khê','Phố 7 phường La Khê','Nam','Kinh','Việt Nam','Sinh viên',NULL),('014708320098','Đinh Quốc Cường',NULL,'1969-11-03','Phố 7 phường La Khê','Phố 7 phường La Khê','Nam','Kinh','Việt Nam','Đầu bếp',NULL),('014720179267','Phạm Văn Ý',NULL,'2001-07-07','Phố 7 phường La Khê','Phố 7 phường La Khê','Nam','Kinh','Việt Nam','Sinh viên',NULL),('015085158661','Nguyễn Hữu Qúi',NULL,'1963-05-04','Phố 7 phường La Khê','Phố 7 phường La Khê','Nam','Kinh','Việt Nam','Thợ hàn',NULL),('015090920947','Đỗ Thành Thắng',NULL,'1966-10-30','Phố 7 phường La Khê','Phố 7 phường La Khê','Nam','Kinh','Việt Nam','Trợ lý pháp lý',NULL),('015183020168','Nguyễn Hải Yên',NULL,'2007-08-29','Phố 7 phường La Khê','Phố 7 phường La Khê','Nam','Kinh','Việt Nam','2007-8-29',NULL),('015369723990','Huỳnh Thị Thùy Vương',NULL,'1968-08-21','Phố 7 phường La Khê','Phố 7 phường La Khê','Nữ','Kinh','Việt Nam','Giáo viên',NULL),('015411286024','Nguyễn Thị Lụa',NULL,'2003-02-09','Phố 7 phường La Khê','Phố 7 phường La Khê','Nữ','Kinh','Việt Nam','Sinh viên',NULL),('015450167403','Nguyễn Thùy Kim Ngân',NULL,'1969-02-21','Phố 7 phường La Khê','Phố 7 phường La Khê','Nữ','Kinh','Việt Nam','Kế toán viên',NULL),('015532005235','Vũ Minh Diện',NULL,'1971-11-07','Phố 7 phường La Khê','Phố 7 phường La Khê','Nam','Kinh','Việt Nam','Thợ sửa ống nước',NULL),('015595248442','Đoàn Thị Kim Thùy',NULL,'2006-06-23','Phố 7 phường La Khê','Phố 7 phường La Khê','Nữ','Kinh','Việt Nam','Học sinh',NULL),('015648005086','Nguyễn Trúc Minh',NULL,'2015-09-04','Phố 7 phường La Khê','Phố 7 phường La Khê','Nam','Kinh','Việt Nam','2015-9-4',NULL),('015694712038','Hoàng Tiến Nghĩa',NULL,'1962-08-26','Phố 7 phường La Khê','Phố 7 phường La Khê','Nam','Kinh','Việt Nam','Nhân viên IT',NULL),('015730523135','Phạm Thị Ánh Ngọc',NULL,'1973-07-18','Phố 7 phường La Khê','Phố 7 phường La Khê','Nữ','Kinh','Việt Nam','Y tá',NULL),('015943526778','Lê Hồng Dung',NULL,'2006-12-09','Phố 7 phường La Khê','Phố 7 phường La Khê','Nữ','Kinh','Việt Nam','Học sinh',NULL),('016037388994','Trần Huỳnh Minh Khánh',NULL,'1972-12-14','Phố 7 phường La Khê','Phố 7 phường La Khê','Nữ','Kinh','Việt Nam','Quản lý nhân sự',NULL),('016195072612','Nguyễn Gia Phượng',NULL,'2006-12-05','Phố 7 phường La Khê','Phố 7 phường La Khê','Nam','Kinh','Việt Nam','Học sinh',NULL),('016197161697','Phạm Nguyễn Bảo Anh',NULL,'1978-08-30','Phố 7 phường La Khê','Phố 7 phường La Khê','Nữ','Kinh','Việt Nam','Nhà phân tích tài chính',NULL),('016384141214','Nguyễn Lê Minh Hiếu',NULL,'1980-10-12','Phố 7 phường La Khê','Phố 7 phường La Khê','Nam','Kinh','Việt Nam','Thợ mộc',NULL),('016422356850','Nguyễn Anh Đào',NULL,'1971-06-25','Phố 7 phường La Khê','Phố 7 phường La Khê','Nữ','Kinh','Việt Nam','Bác sĩ',NULL),('016482442733','Thạch Thị Hoài Thư',NULL,'2011-02-26','Phố 7 phường La Khê','Phố 7 phường La Khê','Nữ','Kinh','Việt Nam','Học sinh',NULL),('016505949017','Trịnh Thị Nga',NULL,'2015-02-03','Phố 7 phường La Khê','Phố 7 phường La Khê','Nữ','Kinh','Việt Nam','Học sinh',NULL),('016603471426','Đinh Phương Anh',NULL,'1973-05-23','Phố 7 phường La Khê','Phố 7 phường La Khê','Nữ','Kinh','Việt Nam','Kiểm toán',NULL),('016834769042','Đoàn Đăng Trung',NULL,'1980-09-13','Phố 7 phường La Khê','Phố 7 phường La Khê','Nam','Kinh','Việt Nam','Quản lý truyền thông xã hội',NULL),('016927679028','Huỳnh Thị Thùy Vương',NULL,'2001-02-16','Phố 7 phường La Khê','Phố 7 phường La Khê','Nữ','Kinh','Việt Nam','Sinh viên',NULL),('016933726845','Lê Thị Thành Thụy',NULL,'2002-09-27','Phố 7 phường La Khê','Phố 7 phường La Khê','Nữ','Kinh','Việt Nam','Sinh viên',NULL),('017231797228','Trần Đức Sơn',NULL,'1967-06-17','Phố 7 phường La Khê','Phố 7 phường La Khê','Nam','Kinh','Việt Nam','Thợ lắp ráp',NULL),('017334854740','Nguyễn Thị Trà My',NULL,'1971-12-26','Phố 7 phường La Khê','Phố 7 phường La Khê','Nữ','Kinh','Việt Nam','Quản lý truyền thông xã hội',NULL),('017511148995','Trương Tấn Vũ',NULL,'2011-05-07','Phố 7 phường La Khê','Phố 7 phường La Khê','Nam','Kinh','Việt Nam','Học sinh',NULL),('017585200420','Cao Ngọc Gia Bảo',NULL,'1972-10-14','Phố 7 phường La Khê','Phố 7 phường La Khê','Nữ','Kinh','Việt Nam','Nha sĩ',NULL),('017590695671','Nguyễn Huỳnh Hoàng Phúc',NULL,'1967-05-21','Phố 7 phường La Khê','Phố 7 phường La Khê','Nam','Kinh','Việt Nam','Kế toán viên',NULL),('017699718260','Trần Kim Sen',NULL,'2007-08-25','Phố 7 phường La Khê','Phố 7 phường La Khê','Nam','Kinh','Việt Nam','Học sinh',NULL),('017979615218','Võ Thành Văn',NULL,'1967-01-26','Phố 7 phường La Khê','Phố 7 phường La Khê','Nam','Kinh','Việt Nam','Giáo viên',NULL),('018032549240','Nguyễn Quang Tú',NULL,'2006-09-05','Phố 7 phường La Khê','Phố 7 phường La Khê','Nam','Kinh','Việt Nam','Học sinh',NULL),('018189556786','Nguyễn Thị Châu Pha',NULL,'1985-02-12','Phố 7 phường La Khê','Phố 7 phường La Khê','Nữ','Kinh','Việt Nam','Quản lý sản phẩm',NULL),('018231813665','Trịnh Thị Ngọc Hương',NULL,'2012-06-27','Phố 7 phường La Khê','Phố 7 phường La Khê','Nữ','Kinh','Việt Nam','Học sinh',NULL),('018396326350','Trần Tuấn Khoa',NULL,'1972-07-03','Phố 7 phường La Khê','Phố 7 phường La Khê','Nam','Kinh','Việt Nam','Nhiếp ảnh gia',NULL),('018432041168','Hồ Trí Dũng',NULL,'1967-05-27','Phố 7 phường La Khê','Phố 7 phường La Khê','Nam','Kinh','Việt Nam','Nhà phát triển web',NULL),('018457467838','Lê Thanh Quyền',NULL,'2015-05-15','Phố 7 phường La Khê','Phố 7 phường La Khê','Nam','Kinh','Việt Nam','Học sinh',NULL),('018553677399','Đặng Ngọc Lê',NULL,'2001-06-18','Phố 7 phường La Khê','Phố 7 phường La Khê','Nữ','Kinh','Việt Nam','Sinh viên',NULL),('018726301103','Đinh Văn Công',NULL,'2008-11-07','Phố 7 phường La Khê','Phố 7 phường La Khê','Nam','Kinh','Việt Nam','Học sinh',NULL),('018771208506','Nguyễn Đức Hoàng',NULL,'1967-11-12','Phố 7 phường La Khê','Phố 7 phường La Khê','Nam','Kinh','Việt Nam','Quản lý sản phẩm',NULL),('018834999055','Nguyễn Tiến Phong',NULL,'2001-06-14','Phố 7 phường La Khê','Phố 7 phường La Khê','Nam','Kinh','Việt Nam','Sinh viên',NULL),('018878545909','Bàn Thị Hồng Nhung',NULL,'2007-08-23','Phố 7 phường La Khê','Phố 7 phường La Khê','Nữ','Kinh','Việt Nam','Học sinh',NULL),('018904926611','Lê Thị Ngọc Hiếu',NULL,'2001-05-13','Phố 7 phường La Khê','Phố 7 phường La Khê','Nữ','Kinh','Việt Nam','Sinh viên',NULL),('018971772546','Trần Hồng Mạnh',NULL,'1976-04-11','Phố 7 phường La Khê','Phố 7 phường La Khê','Nam','Kinh','Việt Nam','Kiến trúc sư',NULL),('018988830516','Trần Quốc An',NULL,'2008-06-23','Phố 7 phường La Khê','Phố 7 phường La Khê','Nam','Kinh','Việt Nam','Học sinh',NULL),('018993384940','Trần Nguyên Huy',NULL,'1962-05-01','Phố 7 phường La Khê','Phố 7 phường La Khê','Nam','Kinh','Việt Nam','Y tá',NULL),('019000730657','Nguyễn Thị Trân',NULL,'2009-04-26','Phố 7 phường La Khê','Phố 7 phường La Khê','Nữ','Kinh','Việt Nam','Học sinh',NULL),('019030431552','Đoàn Hữu Ngọc Quý',NULL,'2011-12-04','Phố 7 phường La Khê','Phố 7 phường La Khê','Nam','Kinh','Việt Nam','Học sinh',NULL),('019221998340','Đỗ Thanh Trâm',NULL,'1971-06-29','Phố 7 phường La Khê','Phố 7 phường La Khê','Nữ','Kinh','Việt Nam','Quản lý bán hàng',NULL),('019225017375','Trần Hương Giang',NULL,'2007-10-20','Phố 7 phường La Khê','Phố 7 phường La Khê','Nữ','Kinh','Việt Nam','Học sinh',NULL),('019329972888','Trần Thanh Nguyên',NULL,'2003-09-06','Phố 7 phường La Khê','Phố 7 phường La Khê','Nữ','Kinh','Việt Nam','Sinh viên',NULL),('019331165811','Bùi Hoàng Nam',NULL,'1961-01-07','Phố 7 phường La Khê','Phố 7 phường La Khê','Nam','Kinh','Việt Nam','Nhà báo',NULL),('019456881329','Phạm Thị Ánh Thu',NULL,'2007-07-05','Phố 7 phường La Khê','Phố 7 phường La Khê','Nữ','Kinh','Việt Nam','Học sinh',NULL),('019502452862','Lê Phúc Chiến',NULL,'2007-02-20','Phố 7 phường La Khê','Phố 7 phường La Khê','Nam','Kinh','Việt Nam','Học sinh',NULL),('019583064767','Phạm Minh Sơn',NULL,'2012-10-02','Phố 7 phường La Khê','Phố 7 phường La Khê','Nam','Kinh','Việt Nam','Học sinh',NULL),('019697610102','Nguyễn Tường Mai Vy',NULL,'2002-01-25','Phố 7 phường La Khê','Phố 7 phường La Khê','Nữ','Kinh','Việt Nam','Sinh viên',NULL),('019879069663','Nguyễn Hải Ngọc',NULL,'1980-01-16','Phố 7 phường La Khê','Phố 7 phường La Khê','Nữ','Kinh','Việt Nam','Diễn viên',NULL),('019995348569','Đinh Văn Công',NULL,'2004-03-12','Phố 7 phường La Khê','Phố 7 phường La Khê','Nam','Kinh','Việt Nam','2004-3-12',NULL),('020109734864','Nguyễn Thị Thu Ngân',NULL,'1976-01-14','Phố 7 phường La Khê','Phố 7 phường La Khê','Nữ','Kinh','Việt Nam','Quản lý sản phẩm',NULL),('020115243446','Nguyễn Ánh Bích',NULL,'2011-11-04','Phố 7 phường La Khê','Phố 7 phường La Khê','Nữ','Kinh','Việt Nam','Học sinh',NULL),('020255301416','Ngô Thị Thanh Vân',NULL,'2013-04-03','Phố 7 phường La Khê','Phố 7 phường La Khê','Nữ','Kinh','Việt Nam','Học sinh',NULL),('020303336739','Huỳnh Cao Kim Chi',NULL,'1970-09-20','Phố 7 phường La Khê','Phố 7 phường La Khê','Nam','Kinh','Việt Nam','Thợ sửa ống nước',NULL),('020375471770','Nguyễn Quang Trường',NULL,'1961-07-15','Phố 7 phường La Khê','Phố 7 phường La Khê','Nam','Kinh','Việt Nam','Thợ lắp ráp',NULL),('020416643292','Cao Văn Hòa',NULL,'1969-10-11','Phố 7 phường La Khê','Phố 7 phường La Khê','Nam','Kinh','Việt Nam','Diễn viên',NULL),('020508346350','Ngô Thị Phương Linh',NULL,'1979-10-26','Phố 7 phường La Khê','Phố 7 phường La Khê','Nữ','Kinh','Việt Nam','Nhân viên vệ sinh',NULL),('020580451213','Huỳnh Thị Như Tuyết',NULL,'1971-03-21','Phố 7 phường La Khê','Phố 7 phường La Khê','Nữ','Kinh','Việt Nam','Y tá',NULL),('020618322604','Vũ Văn Thức',NULL,'2000-11-17','Phố 7 phường La Khê','Phố 7 phường La Khê','Nam','Kinh','Việt Nam','2000-11-17',NULL),('020638522104','Hoàng Thị Kim Phượng',NULL,'1966-07-06','Phố 7 phường La Khê','Phố 7 phường La Khê','Nữ','Kinh','Việt Nam','Nhà phân tích tài chính',NULL),('020909152965','Nguyễn Việt Hùng',NULL,'1964-10-04','Phố 7 phường La Khê','Phố 7 phường La Khê','Nam','Kinh','Việt Nam','Chuyên viên tiếp thị',NULL),('020928110620','Trần Thị Thảo',NULL,'2012-05-06','Phố 7 phường La Khê','Phố 7 phường La Khê','Nữ','Kinh','Việt Nam','Học sinh',NULL),('021285721573','Trịnh Đức Long',NULL,'1980-03-01','Phố 7 phường La Khê','Phố 7 phường La Khê','Nam','Kinh','Việt Nam','Nha sĩ',NULL),('021710338017','Đỗ Thanh Trâm',NULL,'1972-06-19','Phố 7 phường La Khê','Phố 7 phường La Khê','Nữ','Kinh','Việt Nam','Nhân viên vệ sinh',NULL),('021746936755','Tô Lê Diễm Quỳnh',NULL,'2000-02-01','Phố 7 phường La Khê','Phố 7 phường La Khê','Nữ','Kinh','Việt Nam','Sinh viên',NULL),('021775540603','Lương Nguyễn Gia Lượng',NULL,'2013-05-12','Phố 7 phường La Khê','Phố 7 phường La Khê','Nam','Kinh','Việt Nam','Học sinh',NULL),('021897445911','Lê Hải Long',NULL,'1975-09-02','Phố 7 phường La Khê','Phố 7 phường La Khê','Nam','Kinh','Việt Nam','Thợ chuyên nghiệp',NULL),('022019125446','Tô Thị Hà',NULL,'1983-08-09','Phố 7 phường La Khê','Phố 7 phường La Khê','Nữ','Kinh','Việt Nam','Quản lý bán hàng',NULL),('022195238538','Trần Thị Kim Dung',NULL,'1981-02-12','Phố 7 phường La Khê','Phố 7 phường La Khê','Nữ','Kinh','Việt Nam','Nhân viên tổ chức sự kiện',NULL),('022362658604','Nguyễn Trung Hiếu',NULL,'2009-08-17','Phố 7 phường La Khê','Phố 7 phường La Khê','Nữ','Kinh','Việt Nam','Học sinh',NULL),('022681291694','Lê Bùi Trúc Phương',NULL,'1979-09-24','Phố 7 phường La Khê','Phố 7 phường La Khê','Nữ','Kinh','Việt Nam','Quản lý sản phẩm',NULL),('022812307108','Đặng Văn Thanh',NULL,'2010-03-21','Phố 7 phường La Khê','Phố 7 phường La Khê','Nam','Kinh','Việt Nam','Học sinh',NULL),('023015311243','Nguyễn Ngọc Hoa Cúc',NULL,'2007-07-04','Phố 7 phường La Khê','Phố 7 phường La Khê','Nữ','Kinh','Việt Nam','Học sinh',NULL),('023172334829','Nguyễn Huỳnh Nhương',NULL,'1978-04-05','Phố 7 phường La Khê','Phố 7 phường La Khê','Nam','Kinh','Việt Nam','Nhà tổ chức sự kiện',NULL),('023240125510','Phan Duy Nam',NULL,'1966-02-02','Phố 7 phường La Khê','Phố 7 phường La Khê','Nam','Kinh','Việt Nam','Huấn luyện viên thể dục',NULL),('023251821408','Đinh Văn Công',NULL,'2002-07-26','Phố 7 phường La Khê','Phố 7 phường La Khê','Nam','Kinh','Việt Nam','Sinh viên',NULL),('023469322829','Lê Phước Đạt',NULL,'2008-12-29','Phố 7 phường La Khê','Phố 7 phường La Khê','Nam','Kinh','Việt Nam','Học sinh',NULL),('023479713109','Nguyễn Nữ Thảo Vy',NULL,'2008-08-29','Phố 7 phường La Khê','Phố 7 phường La Khê','Nữ','Kinh','Việt Nam','Học sinh',NULL),('023660885512','Trần Đức Lương',NULL,'2000-01-28','Phố 7 phường La Khê','Phố 7 phường La Khê','Nam','Kinh','Việt Nam','Sinh viên',NULL),('023683578124','Trần Tú Trân',NULL,'1984-12-24','Phố 7 phường La Khê','Phố 7 phường La Khê','Nữ','Kinh','Việt Nam','Chuyên viên tiếp thị',NULL),('023825440687','Nguyễn Văn Nhường',NULL,'1969-07-30','Phố 7 phường La Khê','Phố 7 phường La Khê','Nam','Kinh','Việt Nam','Thợ mộc',NULL),('023848797592','Đoàn Thị Tú Uyên',NULL,'1971-07-21','Phố 7 phường La Khê','Phố 7 phường La Khê','Nữ','Kinh','Việt Nam','Quản lý bán hàng',NULL),('024025470003','Phạm Việt Anh',NULL,'2014-09-25','Phố 7 phường La Khê','Phố 7 phường La Khê','Nam','Kinh','Việt Nam','Học sinh',NULL),('024068829093','Đỗ Hữu Sơn',NULL,'2011-08-01','Phố 7 phường La Khê','Phố 7 phường La Khê','Nữ','Kinh','Việt Nam','Học sinh',NULL),('024586805661','Phan Hoa Tiên',NULL,'2007-01-10','Phố 7 phường La Khê','Phố 7 phường La Khê','Nữ','Kinh','Việt Nam','Học sinh',NULL),('024726561507','Chau Vanh Na',NULL,'2005-06-07','Phố 7 phường La Khê','Phố 7 phường La Khê','Nam','Kinh','Việt Nam','Sinh viên',NULL),('024757431011','Nguyễn Hồng Diệu',NULL,'1983-08-11','Phố 7 phường La Khê','Phố 7 phường La Khê','Nữ','Kinh','Việt Nam','Bác sĩ',NULL),('025074711509','Bùi Phan Kim Tuyền',NULL,'2009-05-20','Phố 7 phường La Khê','Phố 7 phường La Khê','Nữ','Kinh','Việt Nam','Học sinh',NULL),('025095502835','Phạm Ngọc Cẩm',NULL,'2000-03-22','Phố 7 phường La Khê','Phố 7 phường La Khê','Nữ','Kinh','Việt Nam','Sinh viên',NULL),('025163314009','Nguyễn Anh Đào',NULL,'1971-02-19','Phố 7 phường La Khê','Phố 7 phường La Khê','Nữ','Kinh','Việt Nam','Chuyên viên tiếp thị',NULL),('025164408818','Nguyễn Thị Quế Trinh',NULL,'1970-10-04','Phố 7 phường La Khê','Phố 7 phường La Khê','Nữ','Kinh','Việt Nam','Quản lý truyền thông xã hội',NULL),('025310256392','Huỳnh Đăng Nguyện',NULL,'1965-02-02','Phố 7 phường La Khê','Phố 7 phường La Khê','Nam','Kinh','Việt Nam','Nhân viên chăm sóc khách hàng',NULL),('025477032415','Đặng Quốc Thắng',NULL,'2011-11-15','Phố 7 phường La Khê','Phố 7 phường La Khê','Nam','Kinh','Việt Nam','Học sinh',NULL),('025491927148','Lê Đình Đức',NULL,'2010-09-18','Phố 7 phường La Khê','Phố 7 phường La Khê','Nam','Kinh','Việt Nam','Học sinh',NULL),('025598068774','Nguyễn Bá Hưởng',NULL,'1965-02-28','Phố 7 phường La Khê','Phố 7 phường La Khê','Nam','Kinh','Việt Nam','Nhà phân tích tài chính',NULL),('025750253545','Nguyễn Hoàng Đức Thịnh',NULL,'2014-09-11','Phố 7 phường La Khê','Phố 7 phường La Khê','Nam','Kinh','Việt Nam','Học sinh',NULL),('025773560164','Lê Xuân Anh',NULL,'2000-07-07','Phố 7 phường La Khê','Phố 7 phường La Khê','Nữ','Kinh','Việt Nam','Sinh viên',NULL),('025968360720','Lê Thị Ngọc Tú',NULL,'1972-09-02','Phố 7 phường La Khê','Phố 7 phường La Khê','Nữ','Kinh','Việt Nam','Nhân viên chăm sóc khách hàng',NULL),('026002895932','Đỗ Thượng Tôn',NULL,'2015-03-13','Phố 7 phường La Khê','Phố 7 phường La Khê','Nam','Kinh','Việt Nam','Học sinh',NULL),('026044033049','Nguyễn Nhật Duy',NULL,'2003-12-25','Phố 7 phường La Khê','Phố 7 phường La Khê','Nam','Kinh','Việt Nam','Sinh viên',NULL),('026384851460','Lê Khánh Toàn',NULL,'1960-08-03','Phố 7 phường La Khê','Phố 7 phường La Khê','Nam','Kinh','Việt Nam','Thợ cắt tóc',NULL),('026458780367','Cao Quang Huỳnh',NULL,'1977-01-03','Phố 7 phường La Khê','Phố 7 phường La Khê','Nam','Kinh','Việt Nam','Phi công',NULL),('026461160414','Trịnh Gia Thanh',NULL,'2010-06-28','Phố 7 phường La Khê','Phố 7 phường La Khê','Nam','Kinh','Việt Nam','Học sinh',NULL),('026570884438','Nguyễn Thị Cẩm Hướng',NULL,'2009-10-13','Phố 7 phường La Khê','Phố 7 phường La Khê','Nữ','Kinh','Việt Nam','Học sinh',NULL),('026637775498','Nguyễn Như Mai',NULL,'2003-11-06','Phố 7 phường La Khê','Phố 7 phường La Khê','Nữ','Kinh','Việt Nam','Sinh viên',NULL),('026690387134','Trần Đức Sơn',NULL,'2007-09-14','Phố 7 phường La Khê','Phố 7 phường La Khê','Nam','Kinh','Việt Nam','2007-9-14',NULL),('026764473305','Hồthị Thùy Dung',NULL,'2003-09-25','Phố 7 phường La Khê','Phố 7 phường La Khê','Nữ','Kinh','Việt Nam','Sinh viên',NULL),('026821641740','Nguyễn Phúc Đăng Khôi',NULL,'1970-10-19','Phố 7 phường La Khê','Phố 7 phường La Khê','Nam','Kinh','Việt Nam','Thợ xây',NULL),('026831707166','Võ Đặng Ngọc Trân',NULL,'2006-08-13','Phố 7 phường La Khê','Phố 7 phường La Khê','Nữ','Kinh','Việt Nam','Học sinh',NULL),('026842858814','Nguyễn Văn Động',NULL,'2015-12-09','Phố 7 phường La Khê','Phố 7 phường La Khê','Nam','Kinh','Việt Nam','Học sinh',NULL),('026894436859','Nguyễn Thu Huỳnh',NULL,'1972-07-30','Phố 7 phường La Khê','Phố 7 phường La Khê','Nữ','Kinh','Việt Nam','Y tá',NULL),('026983717353','Lê Phước Đạt',NULL,'2009-10-05','Phố 7 phường La Khê','Phố 7 phường La Khê','Nam','Kinh','Việt Nam','Học sinh',NULL),('027007668591','Tô Lê Diễm Quỳnh',NULL,'2010-10-23','Phố 7 phường La Khê','Phố 7 phường La Khê','Nữ','Kinh','Việt Nam','Học sinh',NULL),('027079048585','Nguyễn Quang Thịnh',NULL,'2005-08-09','Phố 7 phường La Khê','Phố 7 phường La Khê','Nam','Kinh','Việt Nam','2005-8-9',NULL),('027129968005','Huỳnh Thị Thùy Vương',NULL,'1973-03-19','Phố 7 phường La Khê','Phố 7 phường La Khê','Nữ','Kinh','Việt Nam','Nghệ sĩ',NULL),('027156386371','Đỗ Văn Trung',NULL,'1977-04-15','Phố 7 phường La Khê','Phố 7 phường La Khê','Nam','Kinh','Việt Nam','Bác sĩ',NULL),('027304543307','Lê Hữu Đoàn',NULL,'2001-04-09','Phố 7 phường La Khê','Phố 7 phường La Khê','Nam','Kinh','Việt Nam','Sinh viên',NULL),('027513400148','Nguyễn Quang Thịnh',NULL,'1978-09-23','Phố 7 phường La Khê','Phố 7 phường La Khê','Nam','Kinh','Việt Nam','Trợ lý pháp lý',NULL),('027558080198','Trần Phan Khánh',NULL,'2001-05-13','Phố 7 phường La Khê','Phố 7 phường La Khê','Nam','Kinh','Việt Nam','Sinh viên',NULL),('027614003708','Phan Duy Nam',NULL,'1964-03-24','Phố 7 phường La Khê','Phố 7 phường La Khê','Nam','Kinh','Việt Nam','Kiểm toán',NULL),('027693012287','Mai Thị Thu Hằng',NULL,'2013-12-20','Phố 7 phường La Khê','Phố 7 phường La Khê','Nữ','Kinh','Việt Nam','Học sinh',NULL),('027893756586','Huỳnh Công Trứ',NULL,'1960-09-18','Phố 7 phường La Khê','Phố 7 phường La Khê','Nam','Kinh','Việt Nam','Thợ sửa máy tính',NULL),('027928054614','Phan Thị Thuỳ Dương',NULL,'1967-07-25','Phố 7 phường La Khê','Phố 7 phường La Khê','Nữ','Kinh','Việt Nam','Nhiếp ảnh gia',NULL),('027945445226','Nguyễn Thị Ngọc Anh',NULL,'2006-08-14','Phố 7 phường La Khê','Phố 7 phường La Khê','Nữ','Kinh','Việt Nam','Học sinh',NULL),('028136210537','Phan Thị Kim Yến',NULL,'1984-08-17','Phố 7 phường La Khê','Phố 7 phường La Khê','Nữ','Kinh','Việt Nam','Quản lý bán hàng',NULL),('028249805703','Đỗ Thanh Lan',NULL,'1976-05-19','Phố 7 phường La Khê','Phố 7 phường La Khê','Nữ','Kinh','Việt Nam','Kỹ sư cơ khí',NULL),('028258731347','Cao Bá Kiệt',NULL,'2013-04-22','Phố 7 phường La Khê','Phố 7 phường La Khê','Nam','Kinh','Việt Nam','Học sinh',NULL),('028304095923','Phạm Thị Ánh Ngọc',NULL,'2008-02-19','Phố 7 phường La Khê','Phố 7 phường La Khê','Nữ','Kinh','Việt Nam','Học sinh',NULL),('028435359904','Quyền Tùng Lâm',NULL,'1980-09-17','Phố 7 phường La Khê','Phố 7 phường La Khê','Nam','Kinh','Việt Nam','Nhà phát triển web',NULL),('028494856005','Nguyễn Quỳnh Trúc Nhã',NULL,'1977-01-21','Phố 7 phường La Khê','Phố 7 phường La Khê','Nữ','Kinh','Việt Nam','Thợ làm tóc',NULL),('028621147564','Trình Minh Toàn',NULL,'2009-06-25','Phố 7 phường La Khê','Phố 7 phường La Khê','Nam','Kinh','Việt Nam','Học sinh',NULL),('028779281413','Ngô Thị Ngọc Lan',NULL,'1974-12-03','Phố 7 phường La Khê','Phố 7 phường La Khê','Nữ','Kinh','Việt Nam','Nhân viên tổ chức sự kiện',NULL),('028889537731','Đinh Trọng Khôi',NULL,'2011-06-22','Phố 7 phường La Khê','Phố 7 phường La Khê','Nam','Kinh','Việt Nam','2011-6-22',NULL),('028904404649','Nguyễn Quang Tú',NULL,'2011-05-30','Phố 7 phường La Khê','Phố 7 phường La Khê','Nam','Kinh','Việt Nam','Học sinh',NULL),('028924635148','Trần Thị Minh Nữ',NULL,'1981-08-25','Phố 7 phường La Khê','Phố 7 phường La Khê','Nữ','Kinh','Việt Nam','Trợ lý pháp lý',NULL),('028955282974','Đỗ Thanh Trâm',NULL,'2011-11-23','Phố 7 phường La Khê','Phố 7 phường La Khê','Nữ','Kinh','Việt Nam','Học sinh',NULL),('029025397672','Nguyễn Thanh Lan',NULL,'2014-02-01','Phố 7 phường La Khê','Phố 7 phường La Khê','Nữ','Kinh','Việt Nam','Học sinh',NULL),('029186286974','Nguyễn Thu Huỳnh',NULL,'2013-04-22','Phố 7 phường La Khê','Phố 7 phường La Khê','Nữ','Kinh','Việt Nam','Học sinh',NULL),('029514375512','Lê Thị Thôi',NULL,'1980-11-23','Phố 7 phường La Khê','Phố 7 phường La Khê','Nữ','Kinh','Việt Nam','Giáo viên',NULL),('029546130503','Nguyễn Thị Ngọc Phượng',NULL,'2000-06-24','Phố 7 phường La Khê','Phố 7 phường La Khê','Nữ','Kinh','Việt Nam','Sinh viên',NULL),('029574104446','Lương Đắc Dương',NULL,'2008-02-23','Phố 7 phường La Khê','Phố 7 phường La Khê','Nam','Kinh','Việt Nam','2008-2-23',NULL),('029638609477','Dương Đức Nhân',NULL,'2014-08-25','Phố 7 phường La Khê','Phố 7 phường La Khê','Nam','Kinh','Việt Nam','2014-8-25',NULL),('029673875153','Ngô Thị Ngọc Lan',NULL,'2001-09-05','Phố 7 phường La Khê','Phố 7 phường La Khê','Nữ','Kinh','Việt Nam','Sinh viên',NULL),('029952753975','Đinh Thị Lệ',NULL,'2000-08-01','Phố 7 phường La Khê','Phố 7 phường La Khê','Nữ','Kinh','Việt Nam','Sinh viên',NULL),('030160611790','Thái Thị Thanh Thủy',NULL,'2008-12-17','Phố 7 phường La Khê','Phố 7 phường La Khê','Nữ','Kinh','Việt Nam','Học sinh',NULL),('030212346360','Trần Tú Trân',NULL,'2006-06-17','Phố 7 phường La Khê','Phố 7 phường La Khê','Nữ','Kinh','Việt Nam','Học sinh',NULL),('030220947719','Đỗ Minh Huy',NULL,'1970-01-05','Phố 7 phường La Khê','Phố 7 phường La Khê','Nam','Kinh','Việt Nam','Thợ hồ',NULL),('030305240469','Nguyễn Phạm Trúc Linh',NULL,'1980-12-29','Phố 7 phường La Khê','Phố 7 phường La Khê','Nữ','Kinh','Việt Nam','Nhà báo',NULL),('030439949439','Lê Thị Thành Thụy',NULL,'2002-03-23','Phố 7 phường La Khê','Phố 7 phường La Khê','Nữ','Kinh','Việt Nam','Sinh viên',NULL),('030528885709','Lê Thảo Viên',NULL,'2014-01-15','Phố 7 phường La Khê','Phố 7 phường La Khê','Nữ','Kinh','Việt Nam','Học sinh',NULL),('030629380679','Lê Phương Trang',NULL,'1982-06-23','Phố 7 phường La Khê','Phố 7 phường La Khê','Nữ','Kinh','Việt Nam','Kế toán viên',NULL),('030710293790','Nguyễn Cảnh Chiến',NULL,'2012-10-10','Phố 7 phường La Khê','Phố 7 phường La Khê','Nam','Kinh','Việt Nam','Học sinh',NULL),('030791438117','Huỳnh Minh Thịnh',NULL,'1965-11-29','Phố 7 phường La Khê','Phố 7 phường La Khê','Nam','Kinh','Việt Nam','Nhà thiết kế đồ họa',NULL),('030855760371','Lê Hữu Lâm',NULL,'1975-09-04','Phố 7 phường La Khê','Phố 7 phường La Khê','Nam','Kinh','Việt Nam','Huấn luyện viên thể dục',NULL),('030946206581','Bùi Thanh Lâm',NULL,'1964-01-18','Phố 7 phường La Khê','Phố 7 phường La Khê','Nam','Kinh','Việt Nam','Diễn viên',NULL),('031008137082','Nguyễn Đăng Tân',NULL,'1967-06-16','Phố 7 phường La Khê','Phố 7 phường La Khê','Nam','Kinh','Việt Nam','Trợ lý pháp lý',NULL),('031067826093','Nguyễn Thị Quỳnh Nhi',NULL,'2015-01-13','Phố 7 phường La Khê','Phố 7 phường La Khê','Nữ','Kinh','Việt Nam','Học sinh',NULL),('031110862785','Lê Thị Thanh',NULL,'1981-12-04','Phố 7 phường La Khê','Phố 7 phường La Khê','Nữ','Kinh','Việt Nam','Y tá',NULL),('031156953987','Trương Thị Thanh Ngân',NULL,'1975-08-23','Phố 7 phường La Khê','Phố 7 phường La Khê','Nữ','Kinh','Việt Nam','Quản lý nhân sự',NULL),('031266492177','Hoàng Tiến Nghĩa',NULL,'2001-05-16','Phố 7 phường La Khê','Phố 7 phường La Khê','Nam','Kinh','Việt Nam','Sinh viên',NULL),('031420090862','Trần Hạ Linh Đàm',NULL,'2009-03-08','Phố 7 phường La Khê','Phố 7 phường La Khê','Nữ','Kinh','Việt Nam','Học sinh',NULL),('031424227644','Trần Thị Hồng',NULL,'1981-11-10','Phố 7 phường La Khê','Phố 7 phường La Khê','Nữ','Kinh','Việt Nam','Nhiếp ảnh gia',NULL),('031464232873','Võ Thiện Như',NULL,'1980-11-17','Phố 7 phường La Khê','Phố 7 phường La Khê','Nữ','Kinh','Việt Nam','Quản lý sản phẩm',NULL),('031923392301','Nguyễn Văn Nhường',NULL,'1977-01-20','Phố 7 phường La Khê','Phố 7 phường La Khê','Nam','Kinh','Việt Nam','Thợ làm móng',NULL),('032037707333','Lê Kim Ngân',NULL,'2008-03-08','Phố 7 phường La Khê','Phố 7 phường La Khê','Nữ','Kinh','Việt Nam','Học sinh',NULL),('032405838622','Trần Thị Thúy Trinh',NULL,'2015-03-12','Phố 7 phường La Khê','Phố 7 phường La Khê','Nữ','Kinh','Việt Nam','Học sinh',NULL),('032432638579','Lưu Văn Tỷ',NULL,'1964-08-10','Phố 7 phường La Khê','Phố 7 phường La Khê','Nam','Kinh','Việt Nam','Nghệ sĩ',NULL),('032570654532','Dương Thị Tùng',NULL,'2003-10-20','Phố 7 phường La Khê','Phố 7 phường La Khê','Nữ','Kinh','Việt Nam','Sinh viên',NULL),('032709822939','Bùi Thị Thúy Ngọc',NULL,'2014-01-22','Phố 7 phường La Khê','Phố 7 phường La Khê','Nữ','Kinh','Việt Nam','Học sinh',NULL),('032804949823','Trương Tấn Vũ',NULL,'1977-12-07','Phố 7 phường La Khê','Phố 7 phường La Khê','Nam','Kinh','Việt Nam','Thợ sơn',NULL),('032820238043','Nguyễn Khả Doanh',NULL,'1977-07-22','Phố 7 phường La Khê','Phố 7 phường La Khê','Nữ','Kinh','Việt Nam','Thợ làm tóc',NULL),('032893623743','Diệp Thanh Phúc',NULL,'1970-03-06','Phố 7 phường La Khê','Phố 7 phường La Khê','Nam','Kinh','Việt Nam','Kế toán viên',NULL),('032944100275','Trần Hữu Luân',NULL,'1965-04-13','Phố 7 phường La Khê','Phố 7 phường La Khê','Nam','Kinh','Việt Nam','Quản lý nhân sự',NULL),('033010846897','Nguyễn Ngọc Kỳ Duyên',NULL,'2012-11-08','Phố 7 phường La Khê','Phố 7 phường La Khê','Nữ','Kinh','Việt Nam','Học sinh',NULL),('033124858448','Đinh Văn Công',NULL,'1964-11-23','Phố 7 phường La Khê','Phố 7 phường La Khê','Nam','Kinh','Việt Nam','Kiến trúc sư',NULL),('033153989004','Huỳnh Đăng Nguyện',NULL,'2011-01-17','Phố 7 phường La Khê','Phố 7 phường La Khê','Nam','Kinh','Việt Nam','Học sinh',NULL),('033177207482','Nguyễn Tấn Khải',NULL,'2011-11-16','Phố 7 phường La Khê','Phố 7 phường La Khê','Nam','Kinh','Việt Nam','Học sinh',NULL),('033192903320','Phùng Anh Minh',NULL,'2002-10-05','Phố 7 phường La Khê','Phố 7 phường La Khê','Nam','Kinh','Việt Nam','Sinh viên',NULL),('033306715750','Ngô Hoàng Hiệp',NULL,'1973-04-11','Phố 7 phường La Khê','Phố 7 phường La Khê','Nam','Kinh','Việt Nam','Nhân viên vệ sinh',NULL),('033360985182','Lưu Văn Phương',NULL,'2012-07-06','Phố 7 phường La Khê','Phố 7 phường La Khê','Nam','Kinh','Việt Nam','Học sinh',NULL),('033383707040','Võ Thị Yến Nhi',NULL,'2011-04-27','Phố 7 phường La Khê','Phố 7 phường La Khê','Nữ','Kinh','Việt Nam','Học sinh',NULL),('033389105993','Thái Hoàng Nhân',NULL,'2001-10-27','Phố 7 phường La Khê','Phố 7 phường La Khê','Nam','Kinh','Việt Nam','Sinh viên',NULL),('033509580728','Trương Thị Thúy Ngọc',NULL,'1983-10-09','Phố 7 phường La Khê','Phố 7 phường La Khê','Nữ','Kinh','Việt Nam','Kiến trúc sư',NULL),('033562557622','Nguyễn Hữu Qúi',NULL,'1969-07-08','Phố 7 phường La Khê','Phố 7 phường La Khê','Nam','Kinh','Việt Nam','Thợ cắt điện',NULL),('033678134890','Nguyễn Đức Thảo',NULL,'1964-03-11','Phố 7 phường La Khê','Phố 7 phường La Khê','Nam','Kinh','Việt Nam','Thợ sửa máy tính',NULL),('033697923177','Cao Bá Kiệt',NULL,'1961-01-23','Phố 7 phường La Khê','Phố 7 phường La Khê','Nam','Kinh','Việt Nam','Diễn viên',NULL),('033805230454','Phạm Hoàng An',NULL,'2002-03-13','Phố 7 phường La Khê','Phố 7 phường La Khê','Nam','Kinh','Việt Nam','Sinh viên',NULL),('033819779039','Phan Lệ Cẩm',NULL,'2003-06-16','Phố 7 phường La Khê','Phố 7 phường La Khê','Nữ','Kinh','Việt Nam','Sinh viên',NULL),('033861844324','Phạm Thị Ánh Ngọc',NULL,'1985-08-07','Phố 7 phường La Khê','Phố 7 phường La Khê','Nữ','Kinh','Việt Nam','Kế toán viên',NULL),('033942199775','Trần Thị Mai Liên',NULL,'2013-12-31','Phố 7 phường La Khê','Phố 7 phường La Khê','Nữ','Kinh','Việt Nam','Học sinh',NULL),('034013426643','Nguyễn Trịnh Khánh Huy',NULL,'1974-11-06','Phố 7 phường La Khê','Phố 7 phường La Khê','Nam','Kinh','Việt Nam','Nhà phân tích tài chính',NULL),('034298961641','Đặng Xuân Trường',NULL,'2015-07-22','Phố 7 phường La Khê','Phố 7 phường La Khê','Nam','Kinh','Việt Nam','2015-7-22',NULL),('034325856468','Lê Anh Tây',NULL,'1967-11-25','Phố 7 phường La Khê','Phố 7 phường La Khê','Nam','Kinh','Việt Nam','Nghệ sĩ',NULL),('034332963246','Trần Thị Hoàng Diễm',NULL,'1985-09-30','Phố 7 phường La Khê','Phố 7 phường La Khê','Nữ','Kinh','Việt Nam','Bác sĩ',NULL),('034437701655','Đặng Quốc Thắng',NULL,'2003-10-12','Phố 7 phường La Khê','Phố 7 phường La Khê','Nam','Kinh','Việt Nam','Sinh viên',NULL),('034515636260','Cao Thị Hồng',NULL,'1984-08-03','Phố 7 phường La Khê','Phố 7 phường La Khê','Nữ','Kinh','Việt Nam','Nhiếp ảnh gia',NULL),('034527560472','Mai Thị Khánh Ly',NULL,'1973-05-28','Phố 7 phường La Khê','Phố 7 phường La Khê','Nữ','Kinh','Việt Nam','Nhiếp ảnh gia',NULL),('034647931392','Bùi Thanh Lâm',NULL,'2003-07-02','Phố 7 phường La Khê','Phố 7 phường La Khê','Nam','Kinh','Việt Nam','2003-7-2',NULL),('034650056778','Phan Quốc Đạt',NULL,'1976-05-05','Phố 7 phường La Khê','Phố 7 phường La Khê','Nam','Kinh','Việt Nam','Kiểm toán',NULL),('034798488951','Đặng Nam Hiền Thảo',NULL,'1983-04-14','Phố 7 phường La Khê','Phố 7 phường La Khê','Nữ','Kinh','Việt Nam','Kỹ sư cơ khí',NULL),('034858835408','Nguyễn Thị Bình Nguyên',NULL,'1967-05-07','Phố 7 phường La Khê','Phố 7 phường La Khê','Nữ','Kinh','Việt Nam','Nha sĩ',NULL),('034904538515','Hồ Thanh Phú',NULL,'2014-12-13','Phố 7 phường La Khê','Phố 7 phường La Khê','Nam','Kinh','Việt Nam','Học sinh',NULL),('034928109077','Võ Thị Thúy Huỳnh',NULL,'2000-05-03','Phố 7 phường La Khê','Phố 7 phường La Khê','Nữ','Kinh','Việt Nam','Sinh viên',NULL),('034963361215','Thái Hoàng Nhân',NULL,'1964-03-12','Phố 7 phường La Khê','Phố 7 phường La Khê','Nam','Kinh','Việt Nam','Chuyên viên tiếp thị',NULL),('035229511676','Huỳnh Đăng Nguyện',NULL,'1961-07-22','Phố 7 phường La Khê','Phố 7 phường La Khê','Nam','Kinh','Việt Nam','Thợ mộc',NULL),('035460459620','Trương Cẩm Hồng',NULL,'1977-05-23','Phố 7 phường La Khê','Phố 7 phường La Khê','Nữ','Kinh','Việt Nam','Nhân viên chăm sóc khách hàng',NULL),('035592618871','Đào Công Huy',NULL,'1972-03-15','Phố 7 phường La Khê','Phố 7 phường La Khê','Nam','Kinh','Việt Nam','Nhà tổ chức sự kiện',NULL),('035630359477','Trần Nguyễn Minh Thanh',NULL,'2014-10-26','Phố 7 phường La Khê','Phố 7 phường La Khê','Nữ','Kinh','Việt Nam','Học sinh',NULL),('035644348299','Đoàn Minh Phương',NULL,'2001-06-14','Phố 7 phường La Khê','Phố 7 phường La Khê','Nam','Kinh','Việt Nam','Sinh viên',NULL),('035663026920','Nguyễn Huỳnh Thạch',NULL,'2005-01-16','Phố 7 phường La Khê','Phố 7 phường La Khê','Nam','Kinh','Việt Nam','Sinh viên',NULL),('035689127520','Đào Công Huy',NULL,'2012-01-01','Phố 7 phường La Khê','Phố 7 phường La Khê','Nam','Kinh','Việt Nam','Học sinh',NULL),('035790805596','Lê Thanh Quyền',NULL,'2014-03-04','Phố 7 phường La Khê','Phố 7 phường La Khê','Nam','Kinh','Việt Nam','2014-3-4',NULL),('035795307195','Huỳnh Công Trứ',NULL,'2002-04-01','Phố 7 phường La Khê','Phố 7 phường La Khê','Nam','Kinh','Việt Nam','Sinh viên',NULL),('035802929339','Võ Ngọc Phương Thi',NULL,'2006-10-24','Phố 7 phường La Khê','Phố 7 phường La Khê','Nữ','Kinh','Việt Nam','Học sinh',NULL),('035850171566','Trương Thị Thúy Ngọc',NULL,'2012-09-22','Phố 7 phường La Khê','Phố 7 phường La Khê','Nữ','Kinh','Việt Nam','Học sinh',NULL),('036103195733','Nguyễn Cảnh Tuấn',NULL,'1968-03-11','Phố 7 phường La Khê','Phố 7 phường La Khê','Nam','Kinh','Việt Nam','Thợ chuyên nghiệp',NULL),('036107578459','Lê Hữu Lâm',NULL,'1963-07-27','Phố 7 phường La Khê','Phố 7 phường La Khê','Nam','Kinh','Việt Nam','Quản lý truyền thông xã hội',NULL),('036371242364','Phan Thị Hải Yến',NULL,'1972-05-30','Phố 7 phường La Khê','Phố 7 phường La Khê','Nữ','Kinh','Việt Nam','Nhà thiết kế đồ họa',NULL),('036410088318','Nguyễn Ngọc Hoa Cúc',NULL,'1981-12-18','Phố 7 phường La Khê','Phố 7 phường La Khê','Nữ','Kinh','Việt Nam','Nhân viên tổ chức sự kiện',NULL),('036411735971','Nguyễn Trịnh Khánh Huy',NULL,'1964-04-20','Phố 7 phường La Khê','Phố 7 phường La Khê','Nam','Kinh','Việt Nam','Giáo viên',NULL),('036532105306','Lê Diệu Ân',NULL,'2001-06-30','Phố 7 phường La Khê','Phố 7 phường La Khê','Nữ','Kinh','Việt Nam','Sinh viên',NULL),('036575088357','Đặng Minh Sáng',NULL,'1963-09-15','Phố 7 phường La Khê','Phố 7 phường La Khê','Nam','Kinh','Việt Nam','Kỹ sư cơ khí',NULL),('036632381919','Trần Lộc Tài',NULL,'1973-07-11','Phố 7 phường La Khê','Phố 7 phường La Khê','Nam','Kinh','Việt Nam','Thợ sửa chữa xe',NULL),('036676514688','Vũ Phạm Hưng',NULL,'1978-04-08','Phố 7 phường La Khê','Phố 7 phường La Khê','Nam','Kinh','Việt Nam','Nhà phát triển web',NULL),('036694760238','Bùi Thanh Lâm',NULL,'1978-11-27','Phố 7 phường La Khê','Phố 7 phường La Khê','Nam','Kinh','Việt Nam','Quản lý sản phẩm',NULL),('036834016569','Nguyễn Cảnh Chiến',NULL,'2004-02-17','Phố 7 phường La Khê','Phố 7 phường La Khê','Nam','Kinh','Việt Nam','Sinh viên',NULL),('036886337802','Lê Thu Thảo',NULL,'1980-03-18','Phố 7 phường La Khê','Phố 7 phường La Khê','Nữ','Kinh','Việt Nam','Nhân viên chăm sóc khách hàng',NULL),('037061037422','Phạm Thị Thuý Lệ',NULL,'2004-10-31','Phố 7 phường La Khê','Phố 7 phường La Khê','Nữ','Kinh','Việt Nam','Sinh viên',NULL),('037067348526','Lê Sỹ Thanh',NULL,'1979-05-15','Phố 7 phường La Khê','Phố 7 phường La Khê','Nam','Kinh','Việt Nam','Quản lý truyền thông xã hội',NULL),('037283281033','Phạm Minh Sơn',NULL,'1972-01-01','Phố 7 phường La Khê','Phố 7 phường La Khê','Nam','Kinh','Việt Nam','Thợ hàn',NULL),('037307463584','Đỗ Mai Lan',NULL,'1983-07-08','Phố 7 phường La Khê','Phố 7 phường La Khê','Nữ','Kinh','Việt Nam','Kiến trúc sư',NULL),('037511825342','Huỳnh Công Trứ',NULL,'2012-05-10','Phố 7 phường La Khê','Phố 7 phường La Khê','Nam','Kinh','Việt Nam','Học sinh',NULL),('037632551163','Võ Ngọc Phương Thi',NULL,'1967-05-30','Phố 7 phường La Khê','Phố 7 phường La Khê','Nữ','Kinh','Việt Nam','Nhà báo',NULL),('037816809758','Trần Hạ Linh Đàm',NULL,'2015-11-30','Phố 7 phường La Khê','Phố 7 phường La Khê','Nữ','Kinh','Việt Nam','Học sinh',NULL),('038012742937','Bùi Thị Thanh Hương',NULL,'1966-08-12','Phố 7 phường La Khê','Phố 7 phường La Khê','Nữ','Kinh','Việt Nam','Chuyên viên tiếp thị',NULL),('038074014700','Nguyễn Thị Huỳnh Nhung',NULL,'2007-06-12','Phố 7 phường La Khê','Phố 7 phường La Khê','Nữ','Kinh','Việt Nam','Học sinh',NULL),('038195463111','Nguyễn Trần Minh Hiếu',NULL,'1972-06-20','Phố 7 phường La Khê','Phố 7 phường La Khê','Nam','Kinh','Việt Nam','Thợ xây',NULL),('038224268619','Trịnh Gia Thanh',NULL,'2006-11-12','Phố 7 phường La Khê','Phố 7 phường La Khê','Nam','Kinh','Việt Nam','Học sinh',NULL),('038235862817','Đinh Thị Lệ',NULL,'1980-12-10','Phố 7 phường La Khê','Phố 7 phường La Khê','Nữ','Kinh','Việt Nam','Kiểm toán',NULL),('038297484624','Nguyễn Tuấn Kiệt',NULL,'1965-10-22','Phố 7 phường La Khê','Phố 7 phường La Khê','Nam','Kinh','Việt Nam','Nhà tổ chức sự kiện',NULL),('038372762900','Tống Văn Long',NULL,'2008-07-03','Phố 7 phường La Khê','Phố 7 phường La Khê','Nam','Kinh','Việt Nam','2008-7-3',NULL),('038373237977','Nguyễn Thị Băng Nhi',NULL,'2006-01-04','Phố 7 phường La Khê','Phố 7 phường La Khê','Nữ','Kinh','Việt Nam','Học sinh',NULL),('038411939857','Đặng Thanh Nghĩa',NULL,'2015-05-09','Phố 7 phường La Khê','Phố 7 phường La Khê','Nam','Kinh','Việt Nam','2015-5-9',NULL),('038540646056','Nguyễn Thị Lành',NULL,'1967-07-13','Phố 7 phường La Khê','Phố 7 phường La Khê','Nữ','Kinh','Việt Nam','Quản lý truyền thông xã hội',NULL),('038689113101','Lê Thị Thanh',NULL,'1984-02-26','Phố 7 phường La Khê','Phố 7 phường La Khê','Nữ','Kinh','Việt Nam','Nhà phân tích tài chính',NULL),('038706626612','Võ Ngọc Chi',NULL,'1980-10-14','Phố 7 phường La Khê','Phố 7 phường La Khê','Nữ','Kinh','Việt Nam','Diễn viên',NULL),('039123765169','Phạm Văn Thăng',NULL,'2007-04-13','Phố 7 phường La Khê','Phố 7 phường La Khê','Nam','Kinh','Việt Nam','Học sinh',NULL),('039152867142','Phan Đức Hoàng',NULL,'2004-10-01','Phố 7 phường La Khê','Phố 7 phường La Khê','Nam','Kinh','Việt Nam','Sinh viên',NULL),('039202114214','Đậu Trương Diễm Quỳnh',NULL,'2007-01-08','Phố 7 phường La Khê','Phố 7 phường La Khê','Nữ','Kinh','Việt Nam','Học sinh',NULL),('039239709810','Bùi Thị Phương Thảo',NULL,'1978-07-10','Phố 7 phường La Khê','Phố 7 phường La Khê','Nữ','Kinh','Việt Nam','Nhà báo',NULL),('039463480389','Vũ Tiến Hiến',NULL,'1978-01-25','Phố 7 phường La Khê','Phố 7 phường La Khê','Nam','Kinh','Việt Nam','Thợ làm tóc',NULL),('039621032304','Đoàn Thanh Phương',NULL,'2015-08-23','Phố 7 phường La Khê','Phố 7 phường La Khê','Nam','Kinh','Việt Nam','2015-8-23',NULL),('039718262214','Nguyễn Trường Vũ',NULL,'2015-11-19','Phố 7 phường La Khê','Phố 7 phường La Khê','Nam','Kinh','Việt Nam','Học sinh',NULL),('039748152989','Đinh Khôi',NULL,'1973-06-01','Phố 7 phường La Khê','Phố 7 phường La Khê','Nam','Kinh','Việt Nam','Kỹ sư phần mềm',NULL),('039933907675','Nguyễn Thị Bích Tâm',NULL,'1976-05-20','Phố 7 phường La Khê','Phố 7 phường La Khê','Nữ','Kinh','Việt Nam','Quản lý nhân sự',NULL),('040048646116','Nguyễn Hoài Sơn',NULL,'2010-01-28','Phố 7 phường La Khê','Phố 7 phường La Khê','Nam','Kinh','Việt Nam','Học sinh',NULL),('040073962792','Nguyễn Xuân Đào',NULL,'1966-07-20','Phố 7 phường La Khê','Phố 7 phường La Khê','Nữ','Kinh','Việt Nam','Giáo viên',NULL),('040145478339','Lê Thanh Tuấn',NULL,'2004-09-23','Phố 7 phường La Khê','Phố 7 phường La Khê','Nam','Kinh','Việt Nam','Sinh viên',NULL),('040236973949','Nguyễn Hữu Qúi',NULL,'1964-03-27','Phố 7 phường La Khê','Phố 7 phường La Khê','Nam','Kinh','Việt Nam','Kiểm toán',NULL),('040360903404','Trần Hồng Mạnh',NULL,'2008-06-12','Phố 7 phường La Khê','Phố 7 phường La Khê','Nam','Kinh','Việt Nam','Học sinh',NULL),('040533483097','Phan Quốc Đạt',NULL,'1968-07-02','Phố 7 phường La Khê','Phố 7 phường La Khê','Nam','Kinh','Việt Nam','Bác sĩ',NULL),('040631202903','Phanhải Yến',NULL,'1982-12-19','Phố 7 phường La Khê','Phố 7 phường La Khê','Nữ','Kinh','Việt Nam','Nhà phân tích tài chính',NULL),('040708249411','Đỗ Mạnh Cường',NULL,'1972-09-30','Phố 7 phường La Khê','Phố 7 phường La Khê','Nam','Kinh','Việt Nam','Thợ sửa máy',NULL),('040831942893','Huỳnh Thị Lệ',NULL,'2001-10-24','Phố 7 phường La Khê','Phố 7 phường La Khê','Nữ','Kinh','Việt Nam','Sinh viên',NULL),('041086954344','Tạ Thị Mai Phương',NULL,'2012-11-26','Phố 7 phường La Khê','Phố 7 phường La Khê','Nữ','Kinh','Việt Nam','Học sinh',NULL),('041105244370','Nguyễn Thị Quỳnh Nhi',NULL,'1976-11-23','Phố 7 phường La Khê','Phố 7 phường La Khê','Nữ','Kinh','Việt Nam','Nghệ sĩ',NULL),('041145356087','Trần Hồng Thủy Tiên',NULL,'2004-02-03','Phố 7 phường La Khê','Phố 7 phường La Khê','Nữ','Kinh','Việt Nam','Sinh viên',NULL),('041164914647','Nguyễn Nhật Duy',NULL,'2010-04-11','Phố 7 phường La Khê','Phố 7 phường La Khê','Nam','Kinh','Việt Nam','Học sinh',NULL),('041192410025','Nguyễn Trúc Minh',NULL,'1970-06-08','Phố 7 phường La Khê','Phố 7 phường La Khê','Nam','Kinh','Việt Nam','Thợ cắt tóc',NULL),('041519878800','Phạm Băng Tâm',NULL,'2015-06-30','Phố 7 phường La Khê','Phố 7 phường La Khê','Nữ','Kinh','Việt Nam','Học sinh',NULL),('041899027586','Lê Thị Trúc Hương',NULL,'2001-09-14','Phố 7 phường La Khê','Phố 7 phường La Khê','Nữ','Kinh','Việt Nam','Sinh viên',NULL),('041900421446','Lê Hữu Lâm',NULL,'1967-12-29','Phố 7 phường La Khê','Phố 7 phường La Khê','Nam','Kinh','Việt Nam','Thợ sửa máy',NULL),('042060620425','Võ Đặng Ngọc Trân',NULL,'1981-07-20','Phố 7 phường La Khê','Phố 7 phường La Khê','Nữ','Kinh','Việt Nam','Quản lý nhân sự',NULL),('042099301513','Phan Ngọc Thảo Vy',NULL,'2001-09-15','Phố 7 phường La Khê','Phố 7 phường La Khê','Nữ','Kinh','Việt Nam','Sinh viên',NULL),('042236972132','Đào Thị Thúy',NULL,'1968-11-30','Phố 7 phường La Khê','Phố 7 phường La Khê','Nữ','Kinh','Việt Nam','Bác sĩ',NULL),('042413721384','Lại Xuân Quỳnh',NULL,'2011-02-10','Phố 7 phường La Khê','Phố 7 phường La Khê','Nữ','Kinh','Việt Nam','Học sinh',NULL),('042502205610','Trần Văn Doanh',NULL,'2009-11-23','Phố 7 phường La Khê','Phố 7 phường La Khê','Nam','Kinh','Việt Nam','Học sinh',NULL),('042658317289','Nguyễn Võ Ngọc Huyền',NULL,'2005-08-19','Phố 7 phường La Khê','Phố 7 phường La Khê','Nữ','Kinh','Việt Nam','Sinh viên',NULL),('042720876290','Đào Thị Mơ',NULL,'1973-02-27','Phố 7 phường La Khê','Phố 7 phường La Khê','Nữ','Kinh','Việt Nam','Quản lý sản phẩm',NULL),('043073754331','Đỗ Thị Minh Tâm',NULL,'2011-05-09','Phố 7 phường La Khê','Phố 7 phường La Khê','Nữ','Kinh','Việt Nam','Học sinh',NULL),('043124097671','Cao Thị Hồng',NULL,'2006-12-02','Phố 7 phường La Khê','Phố 7 phường La Khê','Nữ','Kinh','Việt Nam','Học sinh',NULL),('043332295604','Huỳnh Ngọc Hiệp Ý',NULL,'2008-03-06','Phố 7 phường La Khê','Phố 7 phường La Khê','Nữ','Kinh','Việt Nam','Học sinh',NULL),('043340030772','Phạm Thị Trúc Lam',NULL,'2009-05-13','Phố 7 phường La Khê','Phố 7 phường La Khê','Nữ','Kinh','Việt Nam','Học sinh',NULL),('043341860812','Phạm Mạnh Quỳnh',NULL,'2005-07-25','Phố 7 phường La Khê','Phố 7 phường La Khê','Nam','Kinh','Việt Nam','Sinh viên',NULL),('043404279020','Nguyễn Minh Khiêm',NULL,'1979-12-30','Phố 7 phường La Khê','Phố 7 phường La Khê','Nam','Kinh','Việt Nam','Thợ sơn',NULL),('043472213724','Đặng Thị Thanh Hoàng',NULL,'2012-10-21','Phố 7 phường La Khê','Phố 7 phường La Khê','Nữ','Kinh','Việt Nam','Học sinh',NULL),('043593150319','Đỗ Thị Liên Hương',NULL,'2010-03-02','Phố 7 phường La Khê','Phố 7 phường La Khê','Nữ','Kinh','Việt Nam','Học sinh',NULL),('043679449113','Nguyễn Trung Khánh',NULL,'1964-08-22','Phố 7 phường La Khê','Phố 7 phường La Khê','Nam','Kinh','Việt Nam','Nhà phát triển web',NULL),('043762432262','Đỗ Thị Minh Tâm',NULL,'2008-07-04','Phố 7 phường La Khê','Phố 7 phường La Khê','Nữ','Kinh','Việt Nam','Học sinh',NULL),('043876295147','Đoàn Thị Tú Uyên',NULL,'1965-01-26','Phố 7 phường La Khê','Phố 7 phường La Khê','Nữ','Kinh','Việt Nam','Nhân viên vệ sinh',NULL),('043978440553','Huỳnh Quang Độ',NULL,'1985-08-01','Phố 7 phường La Khê','Phố 7 phường La Khê','Nữ','Kinh','Việt Nam','Nghệ sĩ',NULL),('044039189526','Châu Đức Vĩnh',NULL,'1978-06-21','Phố 7 phường La Khê','Phố 7 phường La Khê','Nam','Kinh','Việt Nam','Trợ lý pháp lý',NULL),('044104311758','Trần Huỳnh Minh Khánh',NULL,'2001-01-07','Phố 7 phường La Khê','Phố 7 phường La Khê','Nữ','Kinh','Việt Nam','Sinh viên',NULL),('044379748543','Đỗ Thanh Lan',NULL,'2003-05-15','Phố 7 phường La Khê','Phố 7 phường La Khê','Nữ','Kinh','Việt Nam','Sinh viên',NULL),('044531858422','Nguyễn Quốc Hiệp',NULL,'2000-02-18','Phố 7 phường La Khê','Phố 7 phường La Khê','Nam','Kinh','Việt Nam','Sinh viên',NULL),('044555481386','Phạm Duy Tuấn',NULL,'2008-09-12','Phố 7 phường La Khê','Phố 7 phường La Khê','Nam','Kinh','Việt Nam','Học sinh',NULL),('044857174286','Đỗ Mạnh Quân',NULL,'1964-06-22','Phố 7 phường La Khê','Phố 7 phường La Khê','Nam','Kinh','Việt Nam','Nhân viên chăm sóc khách hàng',NULL),('045094345653','Trương Thị Thúy Ngọc',NULL,'1969-04-04','Phố 7 phường La Khê','Phố 7 phường La Khê','Nữ','Kinh','Việt Nam','Kiến trúc sư',NULL),('045186115786','Ngô Quốc Thuận',NULL,'1974-10-08','Phố 7 phường La Khê','Phố 7 phường La Khê','Nam','Kinh','Việt Nam','Kỹ sư phần mềm',NULL),('045482602553','Nguyễn Hoài Thu',NULL,'1975-03-29','Phố 7 phường La Khê','Phố 7 phường La Khê','Nữ','Kinh','Việt Nam','Diễn viên',NULL),('045566854012','Đặng Minh Sáng',NULL,'1962-12-09','Phố 7 phường La Khê','Phố 7 phường La Khê','Nam','Kinh','Việt Nam','Chuyên viên tiếp thị',NULL),('045819107935','Trần Ngọc Quốc',NULL,'2005-01-02','Phố 7 phường La Khê','Phố 7 phường La Khê','Nam','Kinh','Việt Nam','Sinh viên',NULL),('045862282992','Đặng Xuân Trường',NULL,'1960-06-20','Phố 7 phường La Khê','Phố 7 phường La Khê','Nam','Kinh','Việt Nam','Thợ sửa chữa xe',NULL),('045953863383','Nguyễn Huỳnh Nhương',NULL,'2006-08-06','Phố 7 phường La Khê','Phố 7 phường La Khê','Nam','Kinh','Việt Nam','Học sinh',NULL),('045981831178','Trương Thị Thúy Ngọc',NULL,'2006-12-09','Phố 7 phường La Khê','Phố 7 phường La Khê','Nữ','Kinh','Việt Nam','Học sinh',NULL),('046006675159','Nguyễn Hà Cẩm Giang',NULL,'2015-12-24','Phố 7 phường La Khê','Phố 7 phường La Khê','Nữ','Kinh','Việt Nam','Học sinh',NULL),('046032732282','Thái Quốc Bảo',NULL,'2003-03-03','Phố 7 phường La Khê','Phố 7 phường La Khê','Nam','Kinh','Việt Nam','Sinh viên',NULL),('046075721012','Phan Thị Hải Yến',NULL,'1979-02-23','Phố 7 phường La Khê','Phố 7 phường La Khê','Nữ','Kinh','Việt Nam','Quản lý nhân sự',NULL),('046113617630','Nguyễn Ngọc Thanh Thi',NULL,'2006-08-22','Phố 7 phường La Khê','Phố 7 phường La Khê','Nữ','Kinh','Việt Nam','Học sinh',NULL),('046129624773','Phạm Trương Phương Thanh',NULL,'1982-02-24','Phố 7 phường La Khê','Phố 7 phường La Khê','Nữ','Kinh','Việt Nam','Nhà thiết kế đồ họa',NULL),('046224345396','Lê Hoàng Thành',NULL,'2009-03-14','Phố 7 phường La Khê','Phố 7 phường La Khê','Nam','Kinh','Việt Nam','Học sinh',NULL),('046262615676','Võ Ngọc Phương Thi',NULL,'2014-04-06','Phố 7 phường La Khê','Phố 7 phường La Khê','Nữ','Kinh','Việt Nam','Học sinh',NULL),('046384160032','Nguyễn Quốc Hiệp',NULL,'2004-01-28','Phố 7 phường La Khê','Phố 7 phường La Khê','Nam','Kinh','Việt Nam','2004-1-28',NULL),('046595872921','Huỳnh Thị Như Tuyết',NULL,'2013-09-28','Phố 7 phường La Khê','Phố 7 phường La Khê','Nữ','Kinh','Việt Nam','Học sinh',NULL),('046598135545','Trần Nguyễn Trúc Giang',NULL,'2008-07-19','Phố 7 phường La Khê','Phố 7 phường La Khê','Nữ','Kinh','Việt Nam','Học sinh',NULL),('046687794819','Mạc Thị Ái My',NULL,'2015-10-12','Phố 7 phường La Khê','Phố 7 phường La Khê','Nữ','Kinh','Việt Nam','Học sinh',NULL),('046699261955','Lê Thị Ngọc Tú',NULL,'1980-04-10','Phố 7 phường La Khê','Phố 7 phường La Khê','Nữ','Kinh','Việt Nam','Diễn viên',NULL),('046714138888','Hoàng Thị Kim Phượng',NULL,'2012-08-28','Phố 7 phường La Khê','Phố 7 phường La Khê','Nữ','Kinh','Việt Nam','Học sinh',NULL),('046802631639','Nguyễn Viết Mạnh',NULL,'1969-04-06','Phố 7 phường La Khê','Phố 7 phường La Khê','Nam','Kinh','Việt Nam','Môi giới bất động sản',NULL),('046823819451','Nguyễn Phi Cường',NULL,'2005-01-16','Phố 7 phường La Khê','Phố 7 phường La Khê','Nam','Kinh','Việt Nam','Sinh viên',NULL),('046867482180','Đinh Văn Công',NULL,'1972-03-08','Phố 7 phường La Khê','Phố 7 phường La Khê','Nam','Kinh','Việt Nam','Thợ sửa chữa xe',NULL),('046899449389','Nguyễn Phước Bình',NULL,'1967-05-08','Phố 7 phường La Khê','Phố 7 phường La Khê','Nam','Kinh','Việt Nam','Thợ làm tóc',NULL),('046930096545','Đinh Phương Anh',NULL,'1974-08-04','Phố 7 phường La Khê','Phố 7 phường La Khê','Nữ','Kinh','Việt Nam','Thợ làm tóc',NULL),('046950414687','Phạm Phước Nhân',NULL,'1974-04-28','Phố 7 phường La Khê','Phố 7 phường La Khê','Nam','Kinh','Việt Nam','Nhân viên vệ sinh',NULL),('047013775671','Lê Ngọc Thảo Yên',NULL,'1966-11-12','Phố 7 phường La Khê','Phố 7 phường La Khê','Nữ','Kinh','Việt Nam','Kỹ sư cơ khí',NULL),('047079412087','Nguyễn Khả Doanh',NULL,'1976-12-12','Phố 7 phường La Khê','Phố 7 phường La Khê','Nữ','Kinh','Việt Nam','Nghệ sĩ',NULL),('047225143880','Lê Thị Hương Giang',NULL,'1976-04-04','Phố 7 phường La Khê','Phố 7 phường La Khê','Nữ','Kinh','Việt Nam','Nhân viên chăm sóc khách hàng',NULL),('047497488084','Nguyễn Phan Hoài Linh',NULL,'2012-07-27','Phố 7 phường La Khê','Phố 7 phường La Khê','Nữ','Kinh','Việt Nam','Học sinh',NULL),('047653713592','Lê Nguyễn Trúc Ly',NULL,'1983-12-04','Phố 7 phường La Khê','Phố 7 phường La Khê','Nữ','Kinh','Việt Nam','Nhân viên vệ sinh',NULL),('047708656140','An Văn Hiếu',NULL,'1976-02-10','Phố 7 phường La Khê','Phố 7 phường La Khê','Nam','Kinh','Việt Nam','Thợ hồ',NULL),('047724285560','Võ Thị Thúy Huỳnh',NULL,'1976-01-12','Phố 7 phường La Khê','Phố 7 phường La Khê','Nữ','Kinh','Việt Nam','Kiểm toán',NULL),('047940603227','Hồ Yến Thi',NULL,'2012-08-08','Phố 7 phường La Khê','Phố 7 phường La Khê','Nữ','Kinh','Việt Nam','Học sinh',NULL),('048362981549','Trương Đình Thuận',NULL,'1962-07-21','Phố 7 phường La Khê','Phố 7 phường La Khê','Nam','Kinh','Việt Nam','Kiến trúc sư',NULL),('048363729085','Nguyễn Khoa Phương Linh',NULL,'2014-09-12','Phố 7 phường La Khê','Phố 7 phường La Khê','Nữ','Kinh','Việt Nam','Học sinh',NULL),('048423297340','Nguyễn Ngọc Vân Tuyền',NULL,'1972-12-11','Phố 7 phường La Khê','Phố 7 phường La Khê','Nữ','Kinh','Việt Nam','Nhân viên tổ chức sự kiện',NULL),('048526342107','Triệu Quốc Dũng',NULL,'1978-11-01','Phố 7 phường La Khê','Phố 7 phường La Khê','Nam','Kinh','Việt Nam','Nhà thiết kế đồ họa',NULL),('048619204360','Phạm Thị',NULL,'1975-10-14','Phố 7 phường La Khê','Phố 7 phường La Khê','Nữ','Kinh','Việt Nam','Nha sĩ',NULL),('048625922536','Lê Hữu Lâm',NULL,'1972-12-30','Phố 7 phường La Khê','Phố 7 phường La Khê','Nam','Kinh','Việt Nam','Trợ lý pháp lý',NULL),('048670312020','Lê Thị Đỗ Quyên',NULL,'2012-01-16','Phố 7 phường La Khê','Phố 7 phường La Khê','Nữ','Kinh','Việt Nam','Học sinh',NULL),('048876912979','Nguyễn Cảnh Chiến',NULL,'2015-04-26','Phố 7 phường La Khê','Phố 7 phường La Khê','Nam','Kinh','Việt Nam','Học sinh',NULL),('048904096642','Nguyễn Thị Lành',NULL,'2007-06-26','Phố 7 phường La Khê','Phố 7 phường La Khê','Nữ','Kinh','Việt Nam','Học sinh',NULL),('048991909354','Nguyễn Xuân Mạnh',NULL,'1974-07-01','Phố 7 phường La Khê','Phố 7 phường La Khê','Nam','Kinh','Việt Nam','Phi công',NULL),('049011282361','Lục Thúy Thu Quỳnh',NULL,'2002-03-30','Phố 7 phường La Khê','Phố 7 phường La Khê','Nữ','Kinh','Việt Nam','Sinh viên',NULL),('049098237637','Đỗ Mạnh Quân',NULL,'2013-02-02','Phố 7 phường La Khê','Phố 7 phường La Khê','Nam','Kinh','Việt Nam','Học sinh',NULL),('049099740833','Chau Vanh Na',NULL,'1973-02-02','Phố 7 phường La Khê','Phố 7 phường La Khê','Nam','Kinh','Việt Nam','Quản lý nhân sự',NULL),('049187547450','Đoàn Thị Phương Thảo',NULL,'2004-02-17','Phố 7 phường La Khê','Phố 7 phường La Khê','Nữ','Kinh','Việt Nam','Sinh viên',NULL),('049339901283','Lê Thị Trúc Hương',NULL,'1983-10-15','Phố 7 phường La Khê','Phố 7 phường La Khê','Nữ','Kinh','Việt Nam','Đầu bếp',NULL),('049401595969','Nguyễn Khả Doanh',NULL,'1974-03-11','Phố 7 phường La Khê','Phố 7 phường La Khê','Nữ','Kinh','Việt Nam','Chuyên viên tiếp thị',NULL),('049456918022','Lê Hữu Lâm',NULL,'1980-10-08','Phố 7 phường La Khê','Phố 7 phường La Khê','Nam','Kinh','Việt Nam','Nhiếp ảnh gia',NULL),('049585643496','Nguyễn Vũ Thanh',NULL,'2015-08-01','Phố 7 phường La Khê','Phố 7 phường La Khê','Nam','Kinh','Việt Nam','2015-8-1',NULL),('049735055308','Trương Lê Hoàng Bảo',NULL,'2011-08-20','Phố 7 phường La Khê','Phố 7 phường La Khê','Nam','Kinh','Việt Nam','Học sinh',NULL),('049921582241','Ngô Thị Ngọc Lan',NULL,'1972-02-10','Phố 7 phường La Khê','Phố 7 phường La Khê','Nữ','Kinh','Việt Nam','Quản lý sản phẩm',NULL),('050212026131','Nguyễn Doãn Công',NULL,'2010-03-17','Phố 7 phường La Khê','Phố 7 phường La Khê','Nam','Kinh','Việt Nam','Học sinh',NULL),('050228960731','Dương Trần Sơn Long',NULL,'2005-03-12','Phố 7 phường La Khê','Phố 7 phường La Khê','Nam','Kinh','Việt Nam','Sinh viên',NULL),('050247071116','Trần Nguyễn Đăng Khoa',NULL,'2000-09-03','Phố 7 phường La Khê','Phố 7 phường La Khê','Nam','Kinh','Việt Nam','2000-9-3',NULL),('050349142706','Nguyễn Lâm Thanh Vân',NULL,'2009-08-14','Phố 7 phường La Khê','Phố 7 phường La Khê','Nữ','Kinh','Việt Nam','Học sinh',NULL),('050397317477','Trương Bá Cường',NULL,'1965-01-22','Phố 7 phường La Khê','Phố 7 phường La Khê','Nam','Kinh','Việt Nam','Thợ sửa máy tính',NULL),('050467199481','Nhân Thị Kiều Trang',NULL,'1970-09-30','Phố 7 phường La Khê','Phố 7 phường La Khê','Nữ','Kinh','Việt Nam','Thợ làm tóc',NULL),('050482916927','Đỗ Minh Huy',NULL,'2005-01-17','Phố 7 phường La Khê','Phố 7 phường La Khê','Nam','Kinh','Việt Nam','Sinh viên',NULL),('050585506789','Phạmminh Nhật',NULL,'2011-07-23','Phố 7 phường La Khê','Phố 7 phường La Khê','Nam','Kinh','Việt Nam','Học sinh',NULL),('050681298867','Trần Thị Kim Hoa',NULL,'1972-11-08','Phố 7 phường La Khê','Phố 7 phường La Khê','Nữ','Kinh','Việt Nam','Quản lý truyền thông xã hội',NULL),('050991614116','Nguyễn Thị Ngọc Phượng',NULL,'1982-10-06','Phố 7 phường La Khê','Phố 7 phường La Khê','Nữ','Kinh','Việt Nam','Giáo viên',NULL),('051031267031','Nguyễn Vũ Thanh',NULL,'1970-07-15','Phố 7 phường La Khê','Phố 7 phường La Khê','Nam','Kinh','Việt Nam','Nhân viên vệ sinh',NULL),('051066856539','Đinh Thanh Tài',NULL,'2008-07-07','Phố 7 phường La Khê','Phố 7 phường La Khê','Nam','Kinh','Việt Nam','Học sinh',NULL),('051075455463','Trần Thanh Nguyên',NULL,'1979-07-22','Phố 7 phường La Khê','Phố 7 phường La Khê','Nữ','Kinh','Việt Nam','Trợ lý pháp lý',NULL),('051204751851','Đặng Quốc Hào',NULL,'1975-08-20','Phố 7 phường La Khê','Phố 7 phường La Khê','Nam','Kinh','Việt Nam','Thợ chuyên nghiệp',NULL),('051265461339','Võ Đức Khánh',NULL,'1964-10-30','Phố 7 phường La Khê','Phố 7 phường La Khê','Nam','Kinh','Việt Nam','Thợ xây',NULL),('051270288047','Đinh Minh Mẫn',NULL,'1977-03-20','Phố 7 phường La Khê','Phố 7 phường La Khê','Nam','Kinh','Việt Nam','Quản lý sản phẩm',NULL),('051313539141','Châu Đức Vĩnh',NULL,'1962-04-17','Phố 7 phường La Khê','Phố 7 phường La Khê','Nam','Kinh','Việt Nam','Nhân viên vệ sinh',NULL),('051359761472','Phan Tùng Lâm',NULL,'2010-01-14','Phố 7 phường La Khê','Phố 7 phường La Khê','Nam','Kinh','Việt Nam','Học sinh',NULL),('051444380470','Phan Ngọc Thảo Vy',NULL,'1970-11-03','Phố 7 phường La Khê','Phố 7 phường La Khê','Nữ','Kinh','Việt Nam','Kỹ sư cơ khí',NULL),('051459976023','Lê Thị Hồng Nhung',NULL,'2010-08-13','Phố 7 phường La Khê','Phố 7 phường La Khê','Nữ','Kinh','Việt Nam','Học sinh',NULL),('051614314289','Mạc Thị Ái My',NULL,'2015-04-30','Phố 7 phường La Khê','Phố 7 phường La Khê','Nữ','Kinh','Việt Nam','Học sinh',NULL),('051721135193','Thái Quốc Bảo',NULL,'2004-09-27','Phố 7 phường La Khê','Phố 7 phường La Khê','Nam','Kinh','Việt Nam','Sinh viên',NULL),('051735677772','Nguyễn Hạnh Diệp Trang',NULL,'2008-08-08','Phố 7 phường La Khê','Phố 7 phường La Khê','Nữ','Kinh','Việt Nam','Học sinh',NULL),('051793991498','Đinh Minh Mẫn',NULL,'1971-06-28','Phố 7 phường La Khê','Phố 7 phường La Khê','Nam','Kinh','Việt Nam','Bác sĩ',NULL),('051943862631','Lê Thùy Vy',NULL,'2009-07-01','Phố 7 phường La Khê','Phố 7 phường La Khê','Nữ','Kinh','Việt Nam','Học sinh',NULL),('051976402328','Nguyễn Phi Cường',NULL,'1970-12-13','Phố 7 phường La Khê','Phố 7 phường La Khê','Nam','Kinh','Việt Nam','Nhân viên IT',NULL),('052156521722','Dương Thị Tuyết Nhi',NULL,'1985-12-26','Phố 7 phường La Khê','Phố 7 phường La Khê','Nữ','Kinh','Việt Nam','Đầu bếp',NULL),('052200724577','Trần Kim Sen',NULL,'2010-01-24','Phố 7 phường La Khê','Phố 7 phường La Khê','Nam','Kinh','Việt Nam','Học sinh',NULL),('052282941092','Nguyễn Thị Hồng Thúy',NULL,'1974-04-30','Phố 7 phường La Khê','Phố 7 phường La Khê','Nữ','Kinh','Việt Nam','Nhà báo',NULL),('052440511806','Bùi An Dương',NULL,'1976-10-28','Phố 7 phường La Khê','Phố 7 phường La Khê','Nam','Kinh','Việt Nam','Nhân viên IT',NULL),('052720042108','Bùi Văn Tài',NULL,'2011-06-07','Phố 7 phường La Khê','Phố 7 phường La Khê','Nam','Kinh','Việt Nam','Học sinh',NULL),('052767989985','Đỗ Thanh Trâm',NULL,'2001-02-22','Phố 7 phường La Khê','Phố 7 phường La Khê','Nữ','Kinh','Việt Nam','Sinh viên',NULL),('052811660080','Phạm Thị Hồng Thắm',NULL,'1979-10-27','Phố 7 phường La Khê','Phố 7 phường La Khê','Nữ','Kinh','Việt Nam','Thợ làm tóc',NULL),('052861640573','Mạc Thị Ái My',NULL,'1979-09-16','Phố 7 phường La Khê','Phố 7 phường La Khê','Nữ','Kinh','Việt Nam','Nhà phân tích tài chính',NULL),('052915607814','Lương Nguyễn Gia Lượng',NULL,'2009-11-10','Phố 7 phường La Khê','Phố 7 phường La Khê','Nam','Kinh','Việt Nam','2009-11-10',NULL),('052945259160','Nguyễn Minh Hiền',NULL,'1966-11-23','Phố 7 phường La Khê','Phố 7 phường La Khê','Nam','Kinh','Việt Nam','Thợ điện',NULL),('053302645946','Nguyễn Chí Khải',NULL,'2002-06-18','Phố 7 phường La Khê','Phố 7 phường La Khê','Nam','Kinh','Việt Nam','Sinh viên',NULL),('053568201287','Cao Thị Ngọc Anh',NULL,'2005-09-07','Phố 7 phường La Khê','Phố 7 phường La Khê','Nữ','Kinh','Việt Nam','Sinh viên',NULL),('053654821470','Hồ Nguyên Tâm',NULL,'1972-08-01','Phố 7 phường La Khê','Phố 7 phường La Khê','Nữ','Kinh','Việt Nam','Nha sĩ',NULL),('053655675158','Phan Lệ Cẩm',NULL,'2002-01-20','Phố 7 phường La Khê','Phố 7 phường La Khê','Nữ','Kinh','Việt Nam','Sinh viên',NULL),('053674266610','Du Đức Hải Triều',NULL,'2010-07-25','Phố 7 phường La Khê','Phố 7 phường La Khê','Nam','Kinh','Việt Nam','2010-7-25',NULL),('053930541151','Hàng Lực',NULL,'2008-05-30','Phố 7 phường La Khê','Phố 7 phường La Khê','Nam','Kinh','Việt Nam','Học sinh',NULL),('053977528100','Phạm Duy',NULL,'2003-12-30','Phố 7 phường La Khê','Phố 7 phường La Khê','Nam','Kinh','Việt Nam','Sinh viên',NULL),('054113154236','Trần Đình Phú',NULL,'2004-03-19','Phố 7 phường La Khê','Phố 7 phường La Khê','Nam','Kinh','Việt Nam','2004-3-19',NULL),('054331346838','Trần Hồng Thủy Tiên',NULL,'1978-01-14','Phố 7 phường La Khê','Phố 7 phường La Khê','Nữ','Kinh','Việt Nam','Nhân viên tổ chức sự kiện',NULL),('054411747519','Vũ Văn Thức',NULL,'2010-03-06','Phố 7 phường La Khê','Phố 7 phường La Khê','Nam','Kinh','Việt Nam','Học sinh',NULL),('054591391061','Nguyễn Khải Hà',NULL,'2002-10-06','Phố 7 phường La Khê','Phố 7 phường La Khê','Nam','Kinh','Việt Nam','Sinh viên',NULL),('054757755654','Nguyễn Quang Tú',NULL,'1966-03-05','Phố 7 phường La Khê','Phố 7 phường La Khê','Nam','Kinh','Việt Nam','Kiến trúc sư',NULL),('054802106050','Trần Đức Sơn',NULL,'1970-06-30','Phố 7 phường La Khê','Phố 7 phường La Khê','Nam','Kinh','Việt Nam','Quản lý nhân sự',NULL),('054861111807','Nguyễn Ngọc Thanh Thi',NULL,'2001-09-20','Phố 7 phường La Khê','Phố 7 phường La Khê','Nữ','Kinh','Việt Nam','Sinh viên',NULL),('054885233032','Đỗ Duy Tú',NULL,'2009-03-05','Phố 7 phường La Khê','Phố 7 phường La Khê','Nam','Kinh','Việt Nam','Học sinh',NULL),('054904272766','Đoàn Thị Trúc Ly',NULL,'2000-09-17','Phố 7 phường La Khê','Phố 7 phường La Khê','Nữ','Kinh','Việt Nam','Sinh viên',NULL),('054975152869','Danh Thiệt Dal',NULL,'1963-12-26','Phố 7 phường La Khê','Phố 7 phường La Khê','Nam','Kinh','Việt Nam','Thợ hồ',NULL),('054978463844','Hoàng Anh Thư',NULL,'1977-06-01','Phố 7 phường La Khê','Phố 7 phường La Khê','Nữ','Kinh','Việt Nam','Quản lý truyền thông xã hội',NULL),('055049439670','Đinh Thị Ngọc Hiếu',NULL,'1968-01-18','Phố 7 phường La Khê','Phố 7 phường La Khê','Nữ','Kinh','Việt Nam','Diễn viên',NULL),('055099379456','Trần Thị Thảo',NULL,'1983-02-09','Phố 7 phường La Khê','Phố 7 phường La Khê','Nữ','Kinh','Việt Nam','Kế toán viên',NULL),('055256155101','Cao Văn Hoàng',NULL,'1963-06-04','Phố 7 phường La Khê','Phố 7 phường La Khê','Nam','Kinh','Việt Nam','Quản lý bán hàng',NULL),('055336931572','Huỳnh Hồ Diệu Nhu',NULL,'1982-09-18','Phố 7 phường La Khê','Phố 7 phường La Khê','Nữ','Kinh','Việt Nam','Quản lý sản phẩm',NULL),('055349631317','Nguyễn Thi Ngo Quỳnh',NULL,'1984-04-19','Phố 7 phường La Khê','Phố 7 phường La Khê','Nữ','Kinh','Việt Nam','Kiểm toán',NULL),('055483244285','Trần Việt Hùng',NULL,'1980-03-24','Phố 7 phường La Khê','Phố 7 phường La Khê','Nam','Kinh','Việt Nam','Thợ điện',NULL),('055525419193','Nguyễn Trần Minh Hiếu',NULL,'2011-04-24','Phố 7 phường La Khê','Phố 7 phường La Khê','Nam','Kinh','Việt Nam','Học sinh',NULL),('055662069558','Nguyễn Thúy Hiền',NULL,'2009-03-24','Phố 7 phường La Khê','Phố 7 phường La Khê','Nữ','Kinh','Việt Nam','Học sinh',NULL),('055760366393','Nguyễn Thị Bảo Trâm',NULL,'2003-05-14','Phố 7 phường La Khê','Phố 7 phường La Khê','Nữ','Kinh','Việt Nam','Sinh viên',NULL),('055928377128','Nguyễn Hữu Hiếu',NULL,'2015-05-09','Phố 7 phường La Khê','Phố 7 phường La Khê','Nam','Kinh','Việt Nam','2015-5-9',NULL),('055969521984','Hoàng Thị Kim Phượng',NULL,'2001-10-08','Phố 7 phường La Khê','Phố 7 phường La Khê','Nữ','Kinh','Việt Nam','Sinh viên',NULL),('055984702129','Đào Thị Thu Nga',NULL,'2014-06-10','Phố 7 phường La Khê','Phố 7 phường La Khê','Nữ','Kinh','Việt Nam','Học sinh',NULL),('056053017522','Hoàng Thị Kim Phượng',NULL,'2010-06-12','Phố 7 phường La Khê','Phố 7 phường La Khê','Nữ','Kinh','Việt Nam','Học sinh',NULL),('056171982180','Trần Thị Hoàng Diễm',NULL,'2001-01-12','Phố 7 phường La Khê','Phố 7 phường La Khê','Nữ','Kinh','Việt Nam','Sinh viên',NULL),('056318346555','Nguyễn Phúc Thịnh',NULL,'1968-09-04','Phố 7 phường La Khê','Phố 7 phường La Khê','Nam','Kinh','Việt Nam','Y tá',NULL),('056484984070','Nguyễn Vũ Xuân Đại',NULL,'2012-07-24','Phố 7 phường La Khê','Phố 7 phường La Khê','Nam','Kinh','Việt Nam','Học sinh',NULL),('056866413026','Nguyễn Lưu Phong',NULL,'1972-10-14','Phố 7 phường La Khê','Phố 7 phường La Khê','Nam','Kinh','Việt Nam','Nha sĩ',NULL),('056924260317','Bùi Thanh Lâm',NULL,'1964-05-08','Phố 7 phường La Khê','Phố 7 phường La Khê','Nam','Kinh','Việt Nam','Thợ hàn',NULL),('057085609159','Trần Kim Sen',NULL,'1961-01-31','Phố 7 phường La Khê','Phố 7 phường La Khê','Nam','Kinh','Việt Nam','Nhân viên tổ chức sự kiện',NULL),('057178121958','Bùi An Dương',NULL,'1975-03-25','Phố 7 phường La Khê','Phố 7 phường La Khê','Nam','Kinh','Việt Nam','Thợ cơ khí',NULL),('057320235606','Nguyễn Ánh Bích',NULL,'1975-02-16','Phố 7 phường La Khê','Phố 7 phường La Khê','Nữ','Kinh','Việt Nam','Quản lý truyền thông xã hội',NULL),('057418241343','Nguyễn Đan Trường',NULL,'1964-12-06','Phố 7 phường La Khê','Phố 7 phường La Khê','Nam','Kinh','Việt Nam','Thợ sửa máy tính',NULL),('057637922709','Lê Ngọc Dương',NULL,'2011-12-10','Phố 7 phường La Khê','Phố 7 phường La Khê','Nam','Kinh','Việt Nam','Học sinh',NULL),('057716457402','Nguyễn Thế Vinh',NULL,'2001-09-18','Phố 7 phường La Khê','Phố 7 phường La Khê','Nam','Kinh','Việt Nam','Sinh viên',NULL),('058068769337','Dương Chánh Vũ',NULL,'1976-02-23','Phố 7 phường La Khê','Phố 7 phường La Khê','Nam','Kinh','Việt Nam','Diễn viên',NULL),('058230052222','Phạm Minh Sơn',NULL,'2014-10-19','Phố 7 phường La Khê','Phố 7 phường La Khê','Nam','Kinh','Việt Nam','2014-10-19',NULL),('058302387474','Nguyễn Võ Hoài Dung',NULL,'1971-04-16','Phố 7 phường La Khê','Phố 7 phường La Khê','Nữ','Kinh','Việt Nam','Chuyên viên tiếp thị',NULL),('058304367932','Phạm Thị Kim My',NULL,'2010-04-22','Phố 7 phường La Khê','Phố 7 phường La Khê','Nữ','Kinh','Việt Nam','Học sinh',NULL),('058305386517','Mai Thị Khánh Ly',NULL,'1982-11-25','Phố 7 phường La Khê','Phố 7 phường La Khê','Nữ','Kinh','Việt Nam','Nhân viên tổ chức sự kiện',NULL),('058308507968','Trần Thị Hồng',NULL,'2015-08-18','Phố 7 phường La Khê','Phố 7 phường La Khê','Nữ','Kinh','Việt Nam','Học sinh',NULL),('058402067980','Võ Thành Đô',NULL,'2004-02-17','Phố 7 phường La Khê','Phố 7 phường La Khê','Nam','Kinh','Việt Nam','Sinh viên',NULL),('058571345882','Phan Thị Thùy Trúc',NULL,'1975-11-19','Phố 7 phường La Khê','Phố 7 phường La Khê','Nữ','Kinh','Việt Nam','Nhân viên vệ sinh',NULL),('058588482366','Nguyễn Doãn Công',NULL,'1971-01-08','Phố 7 phường La Khê','Phố 7 phường La Khê','Nam','Kinh','Việt Nam','Thợ sửa ống nước',NULL),('058759071803','Phạm Nguyễn Phương Trinh',NULL,'1981-01-16','Phố 7 phường La Khê','Phố 7 phường La Khê','Nữ','Kinh','Việt Nam','Y tá',NULL),('059002523580','Nguyễn Cảnh Tuấn',NULL,'2004-06-27','Phố 7 phường La Khê','Phố 7 phường La Khê','Nam','Kinh','Việt Nam','Sinh viên',NULL),('059110462445','Phạm Minh Dương',NULL,'2010-08-13','Phố 7 phường La Khê','Phố 7 phường La Khê','Nam','Kinh','Việt Nam','2010-8-13',NULL),('059382694554','Nguyễn Phạm Trúc Linh',NULL,'1978-05-12','Phố 7 phường La Khê','Phố 7 phường La Khê','Nữ','Kinh','Việt Nam','Nhà báo',NULL),('059428912955','Trần Thị Thuỷ',NULL,'1977-11-21','Phố 7 phường La Khê','Phố 7 phường La Khê','Nữ','Kinh','Việt Nam','Kỹ sư cơ khí',NULL),('059586607587','Nguyễn Thị Nga Anh',NULL,'2015-05-20','Phố 7 phường La Khê','Phố 7 phường La Khê','Nữ','Kinh','Việt Nam','Học sinh',NULL),('059655025134','Nguyễn Lâm Thanh Vân',NULL,'2000-04-06','Phố 7 phường La Khê','Phố 7 phường La Khê','Nữ','Kinh','Việt Nam','Sinh viên',NULL),('059665935837','Thái Thị Thanh Thủy',NULL,'2001-01-08','Phố 7 phường La Khê','Phố 7 phường La Khê','Nữ','Kinh','Việt Nam','Sinh viên',NULL),('059846573479','Trịnh Đức Long',NULL,'1975-10-01','Phố 7 phường La Khê','Phố 7 phường La Khê','Nam','Kinh','Việt Nam','Thợ sửa chữa xe',NULL),('060042835765','Trần Duy Hiệp',NULL,'1978-03-26','Phố 7 phường La Khê','Phố 7 phường La Khê','Nam','Kinh','Việt Nam','Thợ sơn',NULL),('060054814318','Bùi Hoàng Nam',NULL,'1980-04-20','Phố 7 phường La Khê','Phố 7 phường La Khê','Nam','Kinh','Việt Nam','Thợ làm tóc',NULL),('060082611828','Huỳnh Quang Vũ',NULL,'2006-09-14','Phố 7 phường La Khê','Phố 7 phường La Khê','Nam','Kinh','Việt Nam','Học sinh',NULL),('060304619812','Phạm Xuân An',NULL,'2011-11-04','Phố 7 phường La Khê','Phố 7 phường La Khê','Nam','Kinh','Việt Nam','Học sinh',NULL),('060357191794','Nguyễn Quang Trường',NULL,'1980-04-28','Phố 7 phường La Khê','Phố 7 phường La Khê','Nam','Kinh','Việt Nam','Nhà tổ chức sự kiện',NULL),('060387710995','Lê Nguyễn Trúc Ly',NULL,'2004-12-05','Phố 7 phường La Khê','Phố 7 phường La Khê','Nữ','Kinh','Việt Nam','Sinh viên',NULL),('060795516070','Lương Đắc Dương',NULL,'2010-04-25','Phố 7 phường La Khê','Phố 7 phường La Khê','Nam','Kinh','Việt Nam','Học sinh',NULL),('061103651897','Hoàng Thị Mận',NULL,'1978-02-28','Phố 7 phường La Khê','Phố 7 phường La Khê','Nữ','Kinh','Việt Nam','Nhân viên tổ chức sự kiện',NULL),('061129500076','Trần Thị Hồng',NULL,'1974-11-30','Phố 7 phường La Khê','Phố 7 phường La Khê','Nữ','Kinh','Việt Nam','Kiểm toán',NULL),('061146158420','Nguyễn Phúc Tuấn',NULL,'1979-03-17','Phố 7 phường La Khê','Phố 7 phường La Khê','Nam','Kinh','Việt Nam','Thợ cơ khí',NULL),('061159727372','Trần Duy Minh',NULL,'1972-01-03','Phố 7 phường La Khê','Phố 7 phường La Khê','Nam','Kinh','Việt Nam','Quản lý bán hàng',NULL),('061174973892','Lê Hồng Dung',NULL,'2010-01-08','Phố 7 phường La Khê','Phố 7 phường La Khê','Nữ','Kinh','Việt Nam','Học sinh',NULL),('061232089385','Phạm Thị Hồng Thắm',NULL,'1970-09-24','Phố 7 phường La Khê','Phố 7 phường La Khê','Nữ','Kinh','Việt Nam','Diễn viên',NULL),('061241358755','Lê Thị Ngọc Huệ',NULL,'1975-04-01','Phố 7 phường La Khê','Phố 7 phường La Khê','Nữ','Kinh','Việt Nam','Nhân viên chăm sóc khách hàng',NULL),('061392394909','Phạm Thị Hồng Thắm',NULL,'2003-05-29','Phố 7 phường La Khê','Phố 7 phường La Khê','Nữ','Kinh','Việt Nam','Sinh viên',NULL),('061396599569','Đoàn Thanh Phương',NULL,'2003-04-23','Phố 7 phường La Khê','Phố 7 phường La Khê','Nam','Kinh','Việt Nam','Sinh viên',NULL),('061535194818','Phạm Hoàng Nhân',NULL,'2003-08-10','Phố 7 phường La Khê','Phố 7 phường La Khê','Nam','Kinh','Việt Nam','Sinh viên',NULL),('061577040646','Hồ Nguyên Tâm',NULL,'2015-07-29','Phố 7 phường La Khê','Phố 7 phường La Khê','Nữ','Kinh','Việt Nam','Học sinh',NULL),('061585739407','Nguyễn Sỹ Trường',NULL,'1978-09-25','Phố 7 phường La Khê','Phố 7 phường La Khê','Nam','Kinh','Việt Nam','Nha sĩ',NULL),('061624419799','Nguyễn Thị Cẩm Hướng',NULL,'2003-05-19','Phố 7 phường La Khê','Phố 7 phường La Khê','Nữ','Kinh','Việt Nam','Sinh viên',NULL),('061627481731','Đinh Thị Ngọc Hiếu',NULL,'2003-06-05','Phố 7 phường La Khê','Phố 7 phường La Khê','Nữ','Kinh','Việt Nam','Sinh viên',NULL),('061846891061','Nguyễn Thị Bích Tâm',NULL,'2002-07-09','Phố 7 phường La Khê','Phố 7 phường La Khê','Nữ','Kinh','Việt Nam','Sinh viên',NULL),('061966624447','Nguyễn Hải Yên',NULL,'1969-06-30','Phố 7 phường La Khê','Phố 7 phường La Khê','Nam','Kinh','Việt Nam','Cảnh sát',NULL),('062014045935','Bùi Phương Nam',NULL,'2003-01-09','Phố 7 phường La Khê','Phố 7 phường La Khê','Nam','Kinh','Việt Nam','Sinh viên',NULL),('062053487258','Lưu Kim Cương',NULL,'1979-10-26','Phố 7 phường La Khê','Phố 7 phường La Khê','Nữ','Kinh','Việt Nam','Quản lý bán hàng',NULL),('062057724337','Nguyễn Khoa Phương Linh',NULL,'1967-03-03','Phố 7 phường La Khê','Phố 7 phường La Khê','Nữ','Kinh','Việt Nam','Kiểm toán',NULL),('062181892845','Nguyễn Ngọc Vân Tuyền',NULL,'1971-06-02','Phố 7 phường La Khê','Phố 7 phường La Khê','Nữ','Kinh','Việt Nam','Nhân viên tổ chức sự kiện',NULL),('062317197761','Nguyễn Hoài Thu',NULL,'2012-09-08','Phố 7 phường La Khê','Phố 7 phường La Khê','Nữ','Kinh','Việt Nam','Học sinh',NULL),('062337847796','Phạm Nguyễn Phương Trinh',NULL,'1974-01-04','Phố 7 phường La Khê','Phố 7 phường La Khê','Nữ','Kinh','Việt Nam','Nhà phân tích tài chính',NULL),('062444252053','Đỗ Đại Thạch',NULL,'1964-08-12','Phố 7 phường La Khê','Phố 7 phường La Khê','Nam','Kinh','Việt Nam','Thợ hồ',NULL),('062778549801','Đỗ Huyền My',NULL,'1985-10-21','Phố 7 phường La Khê','Phố 7 phường La Khê','Nữ','Kinh','Việt Nam','Bác sĩ',NULL),('062825816549','Đỗ Đoàn Duy Tân',NULL,'1962-11-03','Phố 7 phường La Khê','Phố 7 phường La Khê','Nam','Kinh','Việt Nam','Nhà báo',NULL),('062899578720','Võ Thiện Như',NULL,'1968-08-11','Phố 7 phường La Khê','Phố 7 phường La Khê','Nữ','Kinh','Việt Nam','Trợ lý pháp lý',NULL),('062902505200','Trần Văn Doanh',NULL,'1960-02-16','Phố 7 phường La Khê','Phố 7 phường La Khê','Nam','Kinh','Việt Nam','Đầu bếp',NULL),('062907595528','Phạm Minh Sơn',NULL,'2010-10-12','Phố 7 phường La Khê','Phố 7 phường La Khê','Nam','Kinh','Việt Nam','2010-10-12',NULL),('063048880981','Lê Trần Thịnh',NULL,'1962-01-31','Phố 7 phường La Khê','Phố 7 phường La Khê','Nam','Kinh','Việt Nam','Thợ làm móng',NULL),('063115203959','Phan Thị Hải Yến',NULL,'2015-05-16','Phố 7 phường La Khê','Phố 7 phường La Khê','Nữ','Kinh','Việt Nam','Học sinh',NULL),('063128307656','Đặng Hải Thịnh',NULL,'2012-08-06','Phố 7 phường La Khê','Phố 7 phường La Khê','Nam','Kinh','Việt Nam','Học sinh',NULL),('063132046086','Vũ Tiến Hiến',NULL,'2014-09-12','Phố 7 phường La Khê','Phố 7 phường La Khê','Nam','Kinh','Việt Nam','Học sinh',NULL),('063167060291','Tô Thị Hà',NULL,'1973-10-13','Phố 7 phường La Khê','Phố 7 phường La Khê','Nữ','Kinh','Việt Nam','Kỹ sư cơ khí',NULL),('063286004575','Hoàng Công Lực',NULL,'1966-11-07','Phố 7 phường La Khê','Phố 7 phường La Khê','Nam','Kinh','Việt Nam','Nhân viên chăm sóc khách hàng',NULL),('063302720677','Lâm Văn Duy',NULL,'1978-02-27','Phố 7 phường La Khê','Phố 7 phường La Khê','Nam','Kinh','Việt Nam','Nhân viên tổ chức sự kiện',NULL),('063405070688','Trần Phương Anh',NULL,'2014-09-02','Phố 7 phường La Khê','Phố 7 phường La Khê','Nữ','Kinh','Việt Nam','Học sinh',NULL),('063496675577','Trần Huỳnh Minh Khánh',NULL,'1974-02-27','Phố 7 phường La Khê','Phố 7 phường La Khê','Nữ','Kinh','Việt Nam','Nhà báo',NULL),('063550548308','Ngô Quốc Thuận',NULL,'1975-03-14','Phố 7 phường La Khê','Phố 7 phường La Khê','Nam','Kinh','Việt Nam','Thợ làm móng',NULL),('063636198839','Lê Đức Lương',NULL,'2006-04-04','Phố 7 phường La Khê','Phố 7 phường La Khê','Nữ','Kinh','Việt Nam','Học sinh',NULL),('063687893509','Hoàng Mạnh Linh',NULL,'1979-03-08','Phố 7 phường La Khê','Phố 7 phường La Khê','Nam','Kinh','Việt Nam','Thợ mộc',NULL),('063731981508','Phạmminh Nhật',NULL,'1960-08-29','Phố 7 phường La Khê','Phố 7 phường La Khê','Nam','Kinh','Việt Nam','Kỹ sư cơ khí',NULL),('063802049361','Ngô Thị Ngọc Lan',NULL,'1966-11-19','Phố 7 phường La Khê','Phố 7 phường La Khê','Nữ','Kinh','Việt Nam','Kế toán viên',NULL),('063820531033','Trương Lê Hoàng Bảo',NULL,'1960-07-06','Phố 7 phường La Khê','Phố 7 phường La Khê','Nam','Kinh','Việt Nam','Thợ sơn',NULL),('063900323170','Bùi Thị Xuyến',NULL,'1963-12-23','Phố 7 phường La Khê','Phố 7 phường La Khê','Nam','Kinh','Việt Nam','Nhà báo',NULL),('063935193380','Nguyễn Thị Yến',NULL,'1968-02-17','Phố 7 phường La Khê','Phố 7 phường La Khê','Nữ','Kinh','Việt Nam','Nhà báo',NULL),('063976217094','Đỗ Văn Dương',NULL,'1974-09-04','Phố 7 phường La Khê','Phố 7 phường La Khê','Nam','Kinh','Việt Nam','Nha sĩ',NULL),('064044969553','Lưu Văn Phương',NULL,'2001-08-15','Phố 7 phường La Khê','Phố 7 phường La Khê','Nam','Kinh','Việt Nam','Sinh viên',NULL),('064047131692','Cao Ngọc Gia Bảo',NULL,'1973-01-17','Phố 7 phường La Khê','Phố 7 phường La Khê','Nữ','Kinh','Việt Nam','Kiến trúc sư',NULL),('064145201325','Ngô Thị Thanh Vân',NULL,'2000-11-19','Phố 7 phường La Khê','Phố 7 phường La Khê','Nữ','Kinh','Việt Nam','Sinh viên',NULL),('064737083524','Võ Ngọc Phương Thi',NULL,'1977-01-07','Phố 7 phường La Khê','Phố 7 phường La Khê','Nữ','Kinh','Việt Nam','Kiểm toán',NULL),('064900204593','Nguyễn Thị Ngọc Phượng',NULL,'1977-02-01','Phố 7 phường La Khê','Phố 7 phường La Khê','Nữ','Kinh','Việt Nam','Chuyên viên tiếp thị',NULL),('064951780570','Trần Nguyễn Trúc Giang',NULL,'2011-07-15','Phố 7 phường La Khê','Phố 7 phường La Khê','Nữ','Kinh','Việt Nam','Học sinh',NULL),('065158242650','Hoàng Thị Mận',NULL,'1970-01-04','Phố 7 phường La Khê','Phố 7 phường La Khê','Nữ','Kinh','Việt Nam','Nhiếp ảnh gia',NULL),('065194116810','Đinh Thị Lệ',NULL,'2000-07-17','Phố 7 phường La Khê','Phố 7 phường La Khê','Nữ','Kinh','Việt Nam','Sinh viên',NULL),('065196758907','Nguyễn Thị Thanh Liêm',NULL,'2004-11-17','Phố 7 phường La Khê','Phố 7 phường La Khê','Nữ','Kinh','Việt Nam','Sinh viên',NULL),('065251167258','Vũ Đức Thịnh',NULL,'1978-11-18','Phố 7 phường La Khê','Phố 7 phường La Khê','Nam','Kinh','Việt Nam','Thợ sửa máy tính',NULL),('065371977989','Đinh Trọng Khôi',NULL,'2013-04-23','Phố 7 phường La Khê','Phố 7 phường La Khê','Nam','Kinh','Việt Nam','Học sinh',NULL),('065909910238','Nguyễn Thanh Lan',NULL,'1977-11-03','Phố 7 phường La Khê','Phố 7 phường La Khê','Nữ','Kinh','Việt Nam','Đầu bếp',NULL),('065947809589','Hà Quang Thắng',NULL,'1979-11-25','Phố 7 phường La Khê','Phố 7 phường La Khê','Nam','Kinh','Việt Nam','Phi công',NULL),('066004308402','Hoàng Thị Thu',NULL,'2009-06-23','Phố 7 phường La Khê','Phố 7 phường La Khê','Nữ','Kinh','Việt Nam','Học sinh',NULL),('066109076045','Trịnh Gia Thanh',NULL,'1976-11-25','Phố 7 phường La Khê','Phố 7 phường La Khê','Nam','Kinh','Việt Nam','Thợ mộc',NULL),('066244730312','Trần Phan Khánh',NULL,'2012-05-14','Phố 7 phường La Khê','Phố 7 phường La Khê','Nam','Kinh','Việt Nam','2012-5-14',NULL),('066382169591','Trần Thanh Nguyên',NULL,'2007-01-02','Phố 7 phường La Khê','Phố 7 phường La Khê','Nữ','Kinh','Việt Nam','Học sinh',NULL),('066393356472','Nguyễn Văn Nhường',NULL,'1969-09-13','Phố 7 phường La Khê','Phố 7 phường La Khê','Nam','Kinh','Việt Nam','Diễn viên',NULL),('066463231706','Trịnh Thị Liên',NULL,'2001-12-05','Phố 7 phường La Khê','Phố 7 phường La Khê','Nữ','Kinh','Việt Nam','Sinh viên',NULL),('066560431179','Lưu Văn An',NULL,'2014-11-30','Phố 7 phường La Khê','Phố 7 phường La Khê','Nam','Kinh','Việt Nam','Học sinh',NULL),('066947502974','Vũ Minh Diện',NULL,'2014-03-01','Phố 7 phường La Khê','Phố 7 phường La Khê','Nam','Kinh','Việt Nam','Học sinh',NULL),('066951220442','Lưu Quỳnh Anh',NULL,'2005-12-26','Phố 7 phường La Khê','Phố 7 phường La Khê','Nữ','Kinh','Việt Nam','Học sinh',NULL),('067001070001','Vũ Doanh Hoàng',NULL,'1966-06-26','Phố 7 phường La Khê','Phố 7 phường La Khê','Nam','Kinh','Việt Nam','Kiểm toán',NULL),('067118052883','Đỗ Thị Kim Loan',NULL,'2000-05-09','Phố 7 phường La Khê','Phố 7 phường La Khê','Nữ','Kinh','Việt Nam','Sinh viên',NULL),('067119031323','Trần Đào Mai Trâm',NULL,'2001-01-02','Phố 7 phường La Khê','Phố 7 phường La Khê','Nữ','Kinh','Việt Nam','Sinh viên',NULL),('067142796621','Đoàn Anh Tú',NULL,'1964-03-28','Phố 7 phường La Khê','Phố 7 phường La Khê','Nam','Kinh','Việt Nam','Nhiếp ảnh gia',NULL),('067224977895','Bùi Thị Mỹ Duyên',NULL,'1976-01-20','Phố 7 phường La Khê','Phố 7 phường La Khê','Nữ','Kinh','Việt Nam','Quản lý truyền thông xã hội',NULL),('067225278229','Trần Thị Mộng Phàn',NULL,'2003-02-03','Phố 7 phường La Khê','Phố 7 phường La Khê','Nữ','Kinh','Việt Nam','Sinh viên',NULL),('067335623262','Đặng Quốc Thắng',NULL,'1977-09-29','Phố 7 phường La Khê','Phố 7 phường La Khê','Nam','Kinh','Việt Nam','Nhân viên chăm sóc khách hàng',NULL),('067347466270','Vũ Thị Ninh Trang',NULL,'1980-08-03','Phố 7 phường La Khê','Phố 7 phường La Khê','Nữ','Kinh','Việt Nam','Nhà phân tích tài chính',NULL),('067351500069','Nguyễn Xuân Đào',NULL,'2009-08-13','Phố 7 phường La Khê','Phố 7 phường La Khê','Nữ','Kinh','Việt Nam','Học sinh',NULL),('067498665587','Trương Nguyễn Hoài Nhi',NULL,'2001-08-03','Phố 7 phường La Khê','Phố 7 phường La Khê','Nữ','Kinh','Việt Nam','Sinh viên',NULL),('067555324058','Ngô Thị Mai Lan',NULL,'2011-07-02','Phố 7 phường La Khê','Phố 7 phường La Khê','Nữ','Kinh','Việt Nam','Học sinh',NULL),('067609046732','Nguyễn Hải Yên',NULL,'1965-01-03','Phố 7 phường La Khê','Phố 7 phường La Khê','Nam','Kinh','Việt Nam','Nhà thiết kế đồ họa',NULL),('067741094118','Nguyễn Phúc Đăng Khôi',NULL,'1978-06-23','Phố 7 phường La Khê','Phố 7 phường La Khê','Nam','Kinh','Việt Nam','Nhà phát triển web',NULL),('067913692888','Hoàng Minh Vương',NULL,'2009-03-19','Phố 7 phường La Khê','Phố 7 phường La Khê','Nam','Kinh','Việt Nam','Học sinh',NULL),('068009197033','Lê Thị Thôi',NULL,'2003-05-31','Phố 7 phường La Khê','Phố 7 phường La Khê','Nữ','Kinh','Việt Nam','Sinh viên',NULL),('068184484937','Võ Thành Văn',NULL,'1979-12-21','Phố 7 phường La Khê','Phố 7 phường La Khê','Nam','Kinh','Việt Nam','Quản lý nhân sự',NULL),('068193003233','Phạm Minh Dương',NULL,'1970-12-28','Phố 7 phường La Khê','Phố 7 phường La Khê','Nam','Kinh','Việt Nam','Thợ điện',NULL),('068227428034','Đặng Xuân Trường',NULL,'2011-05-12','Phố 7 phường La Khê','Phố 7 phường La Khê','Nam','Kinh','Việt Nam','Học sinh',NULL),('068320026354','Huỳnh Công Trứ',NULL,'2014-04-11','Phố 7 phường La Khê','Phố 7 phường La Khê','Nam','Kinh','Việt Nam','Học sinh',NULL),('068322231380','Ngô Anh Duy',NULL,'1961-07-20','Phố 7 phường La Khê','Phố 7 phường La Khê','Nam','Kinh','Việt Nam','Thợ sơn',NULL),('068369460105','Trần Xuân Mỹ',NULL,'1984-11-03','Phố 7 phường La Khê','Phố 7 phường La Khê','Nữ','Kinh','Việt Nam','Y tá',NULL),('068759313417','Nguyễn Quốc An',NULL,'2013-09-20','Phố 7 phường La Khê','Phố 7 phường La Khê','Nam','Kinh','Việt Nam','Học sinh',NULL),('068892047417','Bùi Văn Chung',NULL,'1960-11-29','Phố 7 phường La Khê','Phố 7 phường La Khê','Nam','Kinh','Việt Nam','Kế toán viên',NULL),('068975397821','Lâm Phương Trang',NULL,'2002-04-22','Phố 7 phường La Khê','Phố 7 phường La Khê','Nữ','Kinh','Việt Nam','Sinh viên',NULL),('069073525446','Vũ Đình Hùng',NULL,'2004-05-02','Phố 7 phường La Khê','Phố 7 phường La Khê','Nam','Kinh','Việt Nam','Sinh viên',NULL),('069187687593','Võ Thị Anh Thy',NULL,'2008-12-13','Phố 7 phường La Khê','Phố 7 phường La Khê','Nữ','Kinh','Việt Nam','Học sinh',NULL),('069303912348','Lâm Minh Quang',NULL,'2000-05-24','Phố 7 phường La Khê','Phố 7 phường La Khê','Nam','Kinh','Việt Nam','Sinh viên',NULL),('069325822908','Lý Quỳnh Như',NULL,'1975-08-01','Phố 7 phường La Khê','Phố 7 phường La Khê','Nữ','Kinh','Việt Nam','Thợ làm tóc',NULL),('069366602078','Đỗ Hữu Sơn',NULL,'1970-07-12','Phố 7 phường La Khê','Phố 7 phường La Khê','Nữ','Kinh','Việt Nam','Nhiếp ảnh gia',NULL),('069468120147','Đinh Minh Mẫn',NULL,'2013-02-03','Phố 7 phường La Khê','Phố 7 phường La Khê','Nam','Kinh','Việt Nam','Học sinh',NULL),('069713437501','Lý Minh Huy',NULL,'2010-09-11','Phố 7 phường La Khê','Phố 7 phường La Khê','Nam','Kinh','Việt Nam','Học sinh',NULL),('069778472299','Nguyễn Quỳnh Trúc Nhã',NULL,'1971-01-08','Phố 7 phường La Khê','Phố 7 phường La Khê','Nữ','Kinh','Việt Nam','Kỹ sư cơ khí',NULL),('069781437187','Dương Thị Tùng',NULL,'1965-09-12','Phố 7 phường La Khê','Phố 7 phường La Khê','Nữ','Kinh','Việt Nam','Kế toán viên',NULL),('069850619527','Nguyễn Thị Huỳnh Nhi',NULL,'2007-12-20','Phố 7 phường La Khê','Phố 7 phường La Khê','Nữ','Kinh','Việt Nam','Học sinh',NULL),('069876867096','Trương Thị Thúy Ngọc',NULL,'1984-01-12','Phố 7 phường La Khê','Phố 7 phường La Khê','Nữ','Kinh','Việt Nam','Quản lý bán hàng',NULL),('070002775601','Hà Đức Trọng',NULL,'2005-12-03','Phố 7 phường La Khê','Phố 7 phường La Khê','Nam','Kinh','Việt Nam','Sinh viên',NULL),('070042083609','Nguyễn Thị Băng Nhi',NULL,'1975-06-20','Phố 7 phường La Khê','Phố 7 phường La Khê','Nữ','Kinh','Việt Nam','Nhân viên chăm sóc khách hàng',NULL),('070106370966','Tô Thị Hà',NULL,'1979-03-19','Phố 7 phường La Khê','Phố 7 phường La Khê','Nữ','Kinh','Việt Nam','Kiến trúc sư',NULL),('070401894262','Nguyễn Quang Thịnh',NULL,'2015-01-13','Phố 7 phường La Khê','Phố 7 phường La Khê','Nam','Kinh','Việt Nam','2015-1-13',NULL),('070505839985','Hà Đức Trọng',NULL,'2015-03-29','Phố 7 phường La Khê','Phố 7 phường La Khê','Nam','Kinh','Việt Nam','Học sinh',NULL),('070598666304','Lê Thị Hồng Nhung',NULL,'2003-11-21','Phố 7 phường La Khê','Phố 7 phường La Khê','Nữ','Kinh','Việt Nam','Sinh viên',NULL),('070669114707','Đỗ Văn Ngọc',NULL,'2010-04-06','Phố 7 phường La Khê','Phố 7 phường La Khê','Nam','Kinh','Việt Nam','Học sinh',NULL),('070854654250','Nguyễn Thị Nga Anh',NULL,'1982-01-04','Phố 7 phường La Khê','Phố 7 phường La Khê','Nữ','Kinh','Việt Nam','Đầu bếp',NULL),('070892912780','Lê Thị Hương Giang',NULL,'1982-10-31','Phố 7 phường La Khê','Phố 7 phường La Khê','Nữ','Kinh','Việt Nam','Nhà thiết kế đồ họa',NULL),('071029595064','Nguyễn Trúc Minh',NULL,'2014-12-21','Phố 7 phường La Khê','Phố 7 phường La Khê','Nam','Kinh','Việt Nam','Học sinh',NULL),('071055086736','Lê Thị Hồng Nhung',NULL,'2002-08-28','Phố 7 phường La Khê','Phố 7 phường La Khê','Nữ','Kinh','Việt Nam','Sinh viên',NULL),('071083206214','Phạm Thị Hoàng Oanh',NULL,'1970-01-21','Phố 7 phường La Khê','Phố 7 phường La Khê','Nữ','Kinh','Việt Nam','Nghệ sĩ',NULL),('071088287608','Phạmminh Nhật',NULL,'1963-03-31','Phố 7 phường La Khê','Phố 7 phường La Khê','Nam','Kinh','Việt Nam','Nhiếp ảnh gia',NULL),('071116549231','Phan Đức Hoàng',NULL,'1960-03-26','Phố 7 phường La Khê','Phố 7 phường La Khê','Nam','Kinh','Việt Nam','Thợ điện',NULL),('071492873582','Lê Thị Thành Thụy',NULL,'1970-05-16','Phố 7 phường La Khê','Phố 7 phường La Khê','Nữ','Kinh','Việt Nam','Nhân viên chăm sóc khách hàng',NULL),('071788524708','Phan Văn Tiệp',NULL,'1978-04-06','Phố 7 phường La Khê','Phố 7 phường La Khê','Nam','Kinh','Việt Nam','Thợ cắt điện',NULL),('071822511667','Lương Công Vũ',NULL,'2000-09-18','Phố 7 phường La Khê','Phố 7 phường La Khê','Nam','Kinh','Việt Nam','2000-9-18',NULL),('071835885418','Nguyễn Cảnh Chiến',NULL,'1978-05-04','Phố 7 phường La Khê','Phố 7 phường La Khê','Nam','Kinh','Việt Nam','Y tá',NULL),('071860473456','Phạm Duy',NULL,'2001-04-29','Phố 7 phường La Khê','Phố 7 phường La Khê','Nam','Kinh','Việt Nam','2001-4-29',NULL),('071985217652','Phạm Thị Hồng Thắm',NULL,'1970-03-05','Phố 7 phường La Khê','Phố 7 phường La Khê','Nữ','Kinh','Việt Nam','Kiểm toán',NULL),('072155153456','Nguyễn Thị Nga Anh',NULL,'1966-07-12','Phố 7 phường La Khê','Phố 7 phường La Khê','Nữ','Kinh','Việt Nam','Quản lý nhân sự',NULL),('072358522054','Nguyễn Chí Khải',NULL,'1969-02-01','Phố 7 phường La Khê','Phố 7 phường La Khê','Nam','Kinh','Việt Nam','Quản lý nhân sự',NULL),('072454733941','Trần Bích Liên',NULL,'1984-02-11','Phố 7 phường La Khê','Phố 7 phường La Khê','Nữ','Kinh','Việt Nam','Y tá',NULL),('072734962504','Phùng Anh Minh',NULL,'1961-04-06','Phố 7 phường La Khê','Phố 7 phường La Khê','Nam','Kinh','Việt Nam','Kỹ sư cơ khí',NULL),('072837137189','Nguyễn Minh Hiền',NULL,'2005-10-09','Phố 7 phường La Khê','Phố 7 phường La Khê','Nam','Kinh','Việt Nam','Sinh viên',NULL),('073104845049','Đặng Văn Thanh',NULL,'2013-03-01','Phố 7 phường La Khê','Phố 7 phường La Khê','Nam','Kinh','Việt Nam','Học sinh',NULL),('073223258339','Nguyễn Thị Hồng Thúy',NULL,'2015-07-03','Phố 7 phường La Khê','Phố 7 phường La Khê','Nữ','Kinh','Việt Nam','Học sinh',NULL),('073275001337','Phạm Trương Phương Thanh',NULL,'2008-11-16','Phố 7 phường La Khê','Phố 7 phường La Khê','Nữ','Kinh','Việt Nam','Học sinh',NULL),('073288792280','Tạ Ngọc Hoàng Lâm',NULL,'1966-09-08','Phố 7 phường La Khê','Phố 7 phường La Khê','Nam','Kinh','Việt Nam','Thợ cơ khí',NULL),('073366636417','Đoàn Thị Phương Thảo',NULL,'2000-03-22','Phố 7 phường La Khê','Phố 7 phường La Khê','Nữ','Kinh','Việt Nam','Sinh viên',NULL),('073374820918','Phạm Thị Mỹ Nhiên',NULL,'2013-06-21','Phố 7 phường La Khê','Phố 7 phường La Khê','Nữ','Kinh','Việt Nam','Học sinh',NULL),('073502440771','Nguyễn Thụy Bảo Hân',NULL,'2012-02-05','Phố 7 phường La Khê','Phố 7 phường La Khê','Nữ','Kinh','Việt Nam','Học sinh',NULL),('073797117436','Trần Thị Mai Liên',NULL,'2008-09-04','Phố 7 phường La Khê','Phố 7 phường La Khê','Nữ','Kinh','Việt Nam','Học sinh',NULL),('073999099890','Bùi Thị Thanh Hương',NULL,'1969-05-26','Phố 7 phường La Khê','Phố 7 phường La Khê','Nữ','Kinh','Việt Nam','Trợ lý pháp lý',NULL),('074058839827','Võ Đặng Ngọc Trân',NULL,'1966-12-22','Phố 7 phường La Khê','Phố 7 phường La Khê','Nữ','Kinh','Việt Nam','Bác sĩ',NULL),('074060848485','Nguyễn Thị Huỳnh Nhi',NULL,'1982-01-31','Phố 7 phường La Khê','Phố 7 phường La Khê','Nữ','Kinh','Việt Nam','Quản lý sản phẩm',NULL),('074129830074','Lê Thị Hồng Nhung',NULL,'2010-08-01','Phố 7 phường La Khê','Phố 7 phường La Khê','Nữ','Kinh','Việt Nam','Học sinh',NULL),('074378489310','Phạm Hoàng Thảo Ngân',NULL,'1967-07-05','Phố 7 phường La Khê','Phố 7 phường La Khê','Nữ','Kinh','Việt Nam','Trợ lý pháp lý',NULL),('074412382297','Vũ Thị Ninh Trang',NULL,'1980-08-12','Phố 7 phường La Khê','Phố 7 phường La Khê','Nữ','Kinh','Việt Nam','Nghệ sĩ',NULL),('074418751637','Danh Thiệt Dal',NULL,'2003-05-30','Phố 7 phường La Khê','Phố 7 phường La Khê','Nam','Kinh','Việt Nam','Sinh viên',NULL),('074526666477','Nguyễn Hồng Quế',NULL,'2005-12-22','Phố 7 phường La Khê','Phố 7 phường La Khê','Nữ','Kinh','Việt Nam','Học sinh',NULL),('074625251393','Nguyễn Phạm Đức Duy',NULL,'1965-08-10','Phố 7 phường La Khê','Phố 7 phường La Khê','Nam','Kinh','Việt Nam','Quản lý bán hàng',NULL),('074840313284','Trần Lộc Tài',NULL,'1973-08-12','Phố 7 phường La Khê','Phố 7 phường La Khê','Nam','Kinh','Việt Nam','Thợ cắt tóc',NULL),('075101514396','Lê Kim Nguyên',NULL,'2010-05-03','Phố 7 phường La Khê','Phố 7 phường La Khê','Nữ','Kinh','Việt Nam','Học sinh',NULL),('075193099137','Nguyễn Lâm Thanh Vân',NULL,'1980-04-08','Phố 7 phường La Khê','Phố 7 phường La Khê','Nữ','Kinh','Việt Nam','Chuyên viên tiếp thị',NULL),('075278192909','Nguyễn Ngọc Kỳ Duyên',NULL,'2009-10-21','Phố 7 phường La Khê','Phố 7 phường La Khê','Nữ','Kinh','Việt Nam','Học sinh',NULL),('075419126541','Nguyễn Quang Tú',NULL,'1964-03-15','Phố 7 phường La Khê','Phố 7 phường La Khê','Nam','Kinh','Việt Nam','Kỹ sư phần mềm',NULL),('075484408648','Nguyễn Thị Mai',NULL,'2009-10-26','Phố 7 phường La Khê','Phố 7 phường La Khê','Nữ','Kinh','Việt Nam','Học sinh',NULL),('075853103581','Nguyễn Hoài Sơn',NULL,'2002-03-29','Phố 7 phường La Khê','Phố 7 phường La Khê','Nam','Kinh','Việt Nam','Sinh viên',NULL),('075884140470','Đỗ Thị Phương',NULL,'2014-06-21','Phố 7 phường La Khê','Phố 7 phường La Khê','Nữ','Kinh','Việt Nam','Học sinh',NULL),('076134267539','Đào Thị Mơ',NULL,'1966-03-29','Phố 7 phường La Khê','Phố 7 phường La Khê','Nữ','Kinh','Việt Nam','Nha sĩ',NULL),('076309141127','Vũ Minh Diện',NULL,'2014-11-20','Phố 7 phường La Khê','Phố 7 phường La Khê','Nam','Kinh','Việt Nam','Học sinh',NULL),('076788212526','Kiều Đình Sơn',NULL,'1976-06-02','Phố 7 phường La Khê','Phố 7 phường La Khê','Nam','Kinh','Việt Nam','Thợ sửa chữa xe',NULL),('076817383733','Vũ Tiến Hiến',NULL,'2007-01-03','Phố 7 phường La Khê','Phố 7 phường La Khê','Nam','Kinh','Việt Nam','Học sinh',NULL),('076821555983','Đỗ Mai Hương',NULL,'1978-10-08','Phố 7 phường La Khê','Phố 7 phường La Khê','Nữ','Kinh','Việt Nam','Nhà thiết kế đồ họa',NULL),('076851114387','Nguyễn Thị Chúc Hà',NULL,'1982-11-03','Phố 7 phường La Khê','Phố 7 phường La Khê','Nữ','Kinh','Việt Nam','Nhân viên vệ sinh',NULL),('077071473176','Trịnh Thị Nga',NULL,'2012-05-21','Phố 7 phường La Khê','Phố 7 phường La Khê','Nữ','Kinh','Việt Nam','Học sinh',NULL),('077127153592','Nguyễn Thanh Lan',NULL,'2008-07-26','Phố 7 phường La Khê','Phố 7 phường La Khê','Nữ','Kinh','Việt Nam','Học sinh',NULL),('077272178889','Điền Thị Phi Yến',NULL,'2003-01-17','Phố 7 phường La Khê','Phố 7 phường La Khê','Nữ','Kinh','Việt Nam','Sinh viên',NULL),('077526805700','Trần Thị Lâm Oanh',NULL,'2005-06-06','Phố 7 phường La Khê','Phố 7 phường La Khê','Nữ','Kinh','Việt Nam','Sinh viên',NULL),('077666605131','Lê Ngọc Thảo Yên',NULL,'1969-04-05','Phố 7 phường La Khê','Phố 7 phường La Khê','Nữ','Kinh','Việt Nam','Quản lý nhân sự',NULL),('077755637349','Trương Nguyễn Hoài Nhi',NULL,'1985-02-22','Phố 7 phường La Khê','Phố 7 phường La Khê','Nữ','Kinh','Việt Nam','Nhiếp ảnh gia',NULL),('077888081889','Lê Phương Trang',NULL,'2014-10-27','Phố 7 phường La Khê','Phố 7 phường La Khê','Nữ','Kinh','Việt Nam','Học sinh',NULL),('078075751081','Huỳnh Công Trứ',NULL,'2005-04-13','Phố 7 phường La Khê','Phố 7 phường La Khê','Nam','Kinh','Việt Nam','Sinh viên',NULL),('078115477570','Hồ Quang Long',NULL,'2000-04-24','Phố 7 phường La Khê','Phố 7 phường La Khê','Nam','Kinh','Việt Nam','Sinh viên',NULL),('078317270466','Lê Hải Long',NULL,'1969-08-18','Phố 7 phường La Khê','Phố 7 phường La Khê','Nam','Kinh','Việt Nam','Thợ chuyên nghiệp',NULL),('078332306461','Đỗ Trần Đăng Khoa',NULL,'1973-06-26','Phố 7 phường La Khê','Phố 7 phường La Khê','Nam','Kinh','Việt Nam','Thợ hàn',NULL),('078374276232','Lê Thị Ngọc Tú',NULL,'2003-06-11','Phố 7 phường La Khê','Phố 7 phường La Khê','Nữ','Kinh','Việt Nam','Sinh viên',NULL),('078379709749','Nguyễn Huỳnh Nhương',NULL,'2005-01-09','Phố 7 phường La Khê','Phố 7 phường La Khê','Nam','Kinh','Việt Nam','Sinh viên',NULL),('078783120793','Du Đức Hải Triều',NULL,'2010-11-19','Phố 7 phường La Khê','Phố 7 phường La Khê','Nam','Kinh','Việt Nam','Học sinh',NULL),('079078163032','Đặng Quốc Thắng',NULL,'2002-01-04','Phố 7 phường La Khê','Phố 7 phường La Khê','Nam','Kinh','Việt Nam','Sinh viên',NULL),('079230120946','Phạm Thị Trúc Lam',NULL,'1974-05-02','Phố 7 phường La Khê','Phố 7 phường La Khê','Nữ','Kinh','Việt Nam','Quản lý bán hàng',NULL),('079258639444','Nguyễn Thị Huyền Trân',NULL,'2005-03-16','Phố 7 phường La Khê','Phố 7 phường La Khê','Nữ','Kinh','Việt Nam','Sinh viên',NULL),('079288305069','Nguyễn Thị Băng Nhi',NULL,'2013-02-27','Phố 7 phường La Khê','Phố 7 phường La Khê','Nữ','Kinh','Việt Nam','Học sinh',NULL),('079331343796','Lưu Trần Anh Khoa',NULL,'1976-03-12','Phố 7 phường La Khê','Phố 7 phường La Khê','Nam','Kinh','Việt Nam','Nhân viên IT',NULL),('079336574518','Nguyễn Hữu Hiếu',NULL,'2012-02-24','Phố 7 phường La Khê','Phố 7 phường La Khê','Nam','Kinh','Việt Nam','Học sinh',NULL),('079426857175','Lục Thúy Thu Quỳnh',NULL,'1985-07-30','Phố 7 phường La Khê','Phố 7 phường La Khê','Nữ','Kinh','Việt Nam','Nha sĩ',NULL),('079444861856','Đỗ Hữu Sơn',NULL,'1984-12-18','Phố 7 phường La Khê','Phố 7 phường La Khê','Nữ','Kinh','Việt Nam','Diễn viên',NULL),('079476596574','Nguyễn Ngọc Hoa Cúc',NULL,'2001-05-20','Phố 7 phường La Khê','Phố 7 phường La Khê','Nữ','Kinh','Việt Nam','Sinh viên',NULL),('079547122709','Nguyễn Quang Thông',NULL,'2003-07-11','Phố 7 phường La Khê','Phố 7 phường La Khê','Nam','Kinh','Việt Nam','Sinh viên',NULL),('079713528177','Trần Hồng Mạnh',NULL,'2000-12-17','Phố 7 phường La Khê','Phố 7 phường La Khê','Nam','Kinh','Việt Nam','2000-12-17',NULL),('079746069212','Phạm Hoài Linh',NULL,'1978-11-10','Phố 7 phường La Khê','Phố 7 phường La Khê','Nữ','Kinh','Việt Nam','Thợ làm tóc',NULL),('079888182091','Nguyễn Anh Đào',NULL,'2014-04-24','Phố 7 phường La Khê','Phố 7 phường La Khê','Nữ','Kinh','Việt Nam','Học sinh',NULL),('080060591631','Lê Kim Phụng',NULL,'1984-06-17','Phố 7 phường La Khê','Phố 7 phường La Khê','Nữ','Kinh','Việt Nam','Quản lý truyền thông xã hội',NULL),('080238062026','Lại Phúc Hải',NULL,'2006-06-17','Phố 7 phường La Khê','Phố 7 phường La Khê','Nam','Kinh','Việt Nam','2006-6-17',NULL),('080411530996','Phạm Hồng Yến',NULL,'2010-09-02','Phố 7 phường La Khê','Phố 7 phường La Khê','Nữ','Kinh','Việt Nam','Học sinh',NULL),('080422836094','Trương Cẩm Hồng',NULL,'1972-01-03','Phố 7 phường La Khê','Phố 7 phường La Khê','Nữ','Kinh','Việt Nam','Giáo viên',NULL),('080536082273','Trần Thị Kim Hoa',NULL,'1972-02-19','Phố 7 phường La Khê','Phố 7 phường La Khê','Nữ','Kinh','Việt Nam','Nha sĩ',NULL),('080725078474','Phan Quốc Đạt',NULL,'2002-10-13','Phố 7 phường La Khê','Phố 7 phường La Khê','Nam','Kinh','Việt Nam','Sinh viên',NULL),('080871911387','Lê Hoàng Thành',NULL,'1975-11-13','Phố 7 phường La Khê','Phố 7 phường La Khê','Nam','Kinh','Việt Nam','Nhân viên vệ sinh',NULL),('080893966247','Nguyễn Ngọc Hoàn',NULL,'2015-12-01','Phố 7 phường La Khê','Phố 7 phường La Khê','Nam','Kinh','Việt Nam','2015-12-1',NULL),('080963034916','Nguyễn Hà Cẩm Giang',NULL,'2009-08-18','Phố 7 phường La Khê','Phố 7 phường La Khê','Nữ','Kinh','Việt Nam','Học sinh',NULL),('081084793755','Điền Thị Phi Yến',NULL,'2000-07-15','Phố 7 phường La Khê','Phố 7 phường La Khê','Nữ','Kinh','Việt Nam','Sinh viên',NULL),('081196551743','Trần Lộc Tài',NULL,'1976-11-02','Phố 7 phường La Khê','Phố 7 phường La Khê','Nam','Kinh','Việt Nam','Thợ lắp ráp',NULL),('081199256428','Nguyễn Tấn Khải',NULL,'2004-09-07','Phố 7 phường La Khê','Phố 7 phường La Khê','Nam','Kinh','Việt Nam','Sinh viên',NULL),('081352604791','Vũ Trung Trường',NULL,'1979-06-03','Phố 7 phường La Khê','Phố 7 phường La Khê','Nam','Kinh','Việt Nam','Thợ điện',NULL),('081602450993','Lê Thị Trúc Hương',NULL,'2001-08-24','Phố 7 phường La Khê','Phố 7 phường La Khê','Nữ','Kinh','Việt Nam','Sinh viên',NULL),('081611016123','Chu Văn Trung',NULL,'1966-06-18','Phố 7 phường La Khê','Phố 7 phường La Khê','Nam','Kinh','Việt Nam','Môi giới bất động sản',NULL),('081683839835','Lê Thị Thôi',NULL,'1980-10-14','Phố 7 phường La Khê','Phố 7 phường La Khê','Nữ','Kinh','Việt Nam','Đầu bếp',NULL),('081945306779','Nguyễn Thị Bình Nguyên',NULL,'1977-09-01','Phố 7 phường La Khê','Phố 7 phường La Khê','Nữ','Kinh','Việt Nam','Quản lý sản phẩm',NULL),('081952244391','Phan Lệ Cẩm',NULL,'1973-04-04','Phố 7 phường La Khê','Phố 7 phường La Khê','Nữ','Kinh','Việt Nam','Kế toán viên',NULL),('081958076037','Nguyễn Thị Lụa',NULL,'1983-04-09','Phố 7 phường La Khê','Phố 7 phường La Khê','Nữ','Kinh','Việt Nam','Chuyên viên tiếp thị',NULL),('081960903130','Đặng Văn Thanh',NULL,'2011-07-02','Phố 7 phường La Khê','Phố 7 phường La Khê','Nam','Kinh','Việt Nam','Học sinh',NULL),('082031060150','Lương Nguyễn Gia Lượng',NULL,'2001-09-09','Phố 7 phường La Khê','Phố 7 phường La Khê','Nam','Kinh','Việt Nam','2001-9-9',NULL),('082034300868','Đào Nhật Cương',NULL,'2010-10-12','Phố 7 phường La Khê','Phố 7 phường La Khê','Nam','Kinh','Việt Nam','2010-10-12',NULL),('082057261297','Lâm Minh Quang',NULL,'2000-10-27','Phố 7 phường La Khê','Phố 7 phường La Khê','Nam','Kinh','Việt Nam','2000-10-27',NULL),('082096588171','Lê Thiện Bảo',NULL,'2007-02-23','Phố 7 phường La Khê','Phố 7 phường La Khê','Nam','Kinh','Việt Nam','2007-2-23',NULL),('082103999630','Vũ Văn Dương',NULL,'1974-08-08','Phố 7 phường La Khê','Phố 7 phường La Khê','Nam','Kinh','Việt Nam','Thợ cơ khí',NULL),('082203397429','Trịnh Bá Việt Anh',NULL,'2009-09-28','Phố 7 phường La Khê','Phố 7 phường La Khê','Nam','Kinh','Việt Nam','Học sinh',NULL),('082210792369','Cao Quang Trường',NULL,'1973-11-03','Phố 7 phường La Khê','Phố 7 phường La Khê','Nam','Kinh','Việt Nam','Phi công',NULL),('082360305731','Trần Nguyễn Trúc Giang',NULL,'2010-07-21','Phố 7 phường La Khê','Phố 7 phường La Khê','Nữ','Kinh','Việt Nam','Học sinh',NULL),('082458249919','Trần Thị Thuỷ',NULL,'2010-02-05','Phố 7 phường La Khê','Phố 7 phường La Khê','Nữ','Kinh','Việt Nam','Học sinh',NULL),('082495226963','Võ Ngọc Phương Thi',NULL,'1984-10-05','Phố 7 phường La Khê','Phố 7 phường La Khê','Nữ','Kinh','Việt Nam','Quản lý bán hàng',NULL),('082530771834','Đỗ Phi Hùng',NULL,'1980-06-29','Phố 7 phường La Khê','Phố 7 phường La Khê','Nam','Kinh','Việt Nam','Cảnh sát',NULL),('082805144705','Võ Thị Thúy Huỳnh',NULL,'2004-01-08','Phố 7 phường La Khê','Phố 7 phường La Khê','Nữ','Kinh','Việt Nam','Sinh viên',NULL),('082925677656','Nguyễn Thị Huỳnh Nhi',NULL,'2000-07-12','Phố 7 phường La Khê','Phố 7 phường La Khê','Nữ','Kinh','Việt Nam','Sinh viên',NULL),('082969267948','Lê Thanh Tuấn',NULL,'1979-03-30','Phố 7 phường La Khê','Phố 7 phường La Khê','Nam','Kinh','Việt Nam','Nhà báo',NULL),('083213507178','Mã Trung Hiếu',NULL,'1969-07-17','Phố 7 phường La Khê','Phố 7 phường La Khê','Nam','Kinh','Việt Nam','Thợ cắt điện',NULL),('083259082819','Hồ Quốc Thư',NULL,'2008-06-12','Phố 7 phường La Khê','Phố 7 phường La Khê','Nam','Kinh','Việt Nam','2008-6-12',NULL),('083277469722','Trần Hoàng Thắng',NULL,'1965-10-06','Phố 7 phường La Khê','Phố 7 phường La Khê','Nam','Kinh','Việt Nam','Thợ làm móng',NULL),('083343808531','Nguyễn Hữu Hiếu',NULL,'2006-11-25','Phố 7 phường La Khê','Phố 7 phường La Khê','Nam','Kinh','Việt Nam','Học sinh',NULL),('083344801636','Võ Thu Hương',NULL,'1978-01-08','Phố 7 phường La Khê','Phố 7 phường La Khê','Nữ','Kinh','Việt Nam','Nghệ sĩ',NULL),('083396885103','Trần Hạ Linh Đàm',NULL,'1967-12-02','Phố 7 phường La Khê','Phố 7 phường La Khê','Nữ','Kinh','Việt Nam','Quản lý nhân sự',NULL),('083487393052','Châu Thị Lan Thương',NULL,'2013-03-02','Phố 7 phường La Khê','Phố 7 phường La Khê','Nữ','Kinh','Việt Nam','Học sinh',NULL),('083566865051','Nguyễn Hải Yên',NULL,'2012-05-29','Phố 7 phường La Khê','Phố 7 phường La Khê','Nam','Kinh','Việt Nam','Học sinh',NULL),('083683519099','Trần Đức Lương',NULL,'1962-02-15','Phố 7 phường La Khê','Phố 7 phường La Khê','Nam','Kinh','Việt Nam','Kiểm toán',NULL),('083708718198','Lê Thanh Quyền',NULL,'1974-09-14','Phố 7 phường La Khê','Phố 7 phường La Khê','Nam','Kinh','Việt Nam','Nhà phân tích tài chính',NULL),('083715213746','Huỳnh Thị Như Tuyết',NULL,'2003-09-15','Phố 7 phường La Khê','Phố 7 phường La Khê','Nữ','Kinh','Việt Nam','Sinh viên',NULL),('083988883386','Nguyễn Phạmthảo Vy',NULL,'1978-07-28','Phố 7 phường La Khê','Phố 7 phường La Khê','Nữ','Kinh','Việt Nam','Kế toán viên',NULL),('084224609855','Phan Hồng Nhung',NULL,'2010-11-27','Phố 7 phường La Khê','Phố 7 phường La Khê','Nữ','Kinh','Việt Nam','Học sinh',NULL),('084390607105','Trần Lộc Tài',NULL,'1973-01-20','Phố 7 phường La Khê','Phố 7 phường La Khê','Nam','Kinh','Việt Nam','Kế toán viên',NULL),('084599407260','Trương Nguyễn Hoài Nhi',NULL,'1983-05-09','Phố 7 phường La Khê','Phố 7 phường La Khê','Nữ','Kinh','Việt Nam','Nhà thiết kế đồ họa',NULL),('084727728089','Nguyễn Ngọc Ngân',NULL,'2012-05-24','Phố 7 phường La Khê','Phố 7 phường La Khê','Nữ','Kinh','Việt Nam','Học sinh',NULL),('084887592240','Lê Xuân Anh',NULL,'2009-04-04','Phố 7 phường La Khê','Phố 7 phường La Khê','Nữ','Kinh','Việt Nam','Học sinh',NULL),('085082553061','Nguyễn Hồng Quế',NULL,'2012-11-07','Phố 7 phường La Khê','Phố 7 phường La Khê','Nữ','Kinh','Việt Nam','Học sinh',NULL),('085107808859','Lê Công Bách',NULL,'1978-08-16','Phố 7 phường La Khê','Phố 7 phường La Khê','Nam','Kinh','Việt Nam','Môi giới bất động sản',NULL),('085219282753','Tạ Ngọc Hoàng Lâm',NULL,'1979-10-20','Phố 7 phường La Khê','Phố 7 phường La Khê','Nam','Kinh','Việt Nam','Quản lý bán hàng',NULL),('085224589427','Nguyễn Hồng Quế',NULL,'1981-08-23','Phố 7 phường La Khê','Phố 7 phường La Khê','Nữ','Kinh','Việt Nam','Nhân viên vệ sinh',NULL),('085290335979','Nguyễn Ngọc Hoa Cúc',NULL,'1969-01-31','Phố 7 phường La Khê','Phố 7 phường La Khê','Nữ','Kinh','Việt Nam','Nhà báo',NULL),('085442602709','Trần Khải',NULL,'2012-07-24','Phố 7 phường La Khê','Phố 7 phường La Khê','Nam','Kinh','Việt Nam','Học sinh',NULL),('085564051317','Võ Thành Văn',NULL,'2011-03-05','Phố 7 phường La Khê','Phố 7 phường La Khê','Nam','Kinh','Việt Nam','Học sinh',NULL),('085610316047','Nguyễn Ngọc Thanh Thi',NULL,'2012-03-08','Phố 7 phường La Khê','Phố 7 phường La Khê','Nữ','Kinh','Việt Nam','Học sinh',NULL),('085773324276','Lê Xuân Hoàng',NULL,'2002-05-16','Phố 7 phường La Khê','Phố 7 phường La Khê','Nam','Kinh','Việt Nam','Sinh viên',NULL),('085820766481','Phan Minh Tiến',NULL,'2001-09-25','Phố 7 phường La Khê','Phố 7 phường La Khê','Nam','Kinh','Việt Nam','Sinh viên',NULL),('085931487467','Cao Tiến Thường',NULL,'2015-08-14','Phố 7 phường La Khê','Phố 7 phường La Khê','Nam','Kinh','Việt Nam','Học sinh',NULL),('085979498062','Lê Nguyễn Thanh Trang',NULL,'1968-08-25','Phố 7 phường La Khê','Phố 7 phường La Khê','Nữ','Kinh','Việt Nam','Nhân viên tổ chức sự kiện',NULL),('085986281567','Hoàng Minh Vương',NULL,'2002-01-29','Phố 7 phường La Khê','Phố 7 phường La Khê','Nam','Kinh','Việt Nam','Sinh viên',NULL),('086037519700','Trịnh Thị Nga',NULL,'1981-07-03','Phố 7 phường La Khê','Phố 7 phường La Khê','Nữ','Kinh','Việt Nam','Nhà thiết kế đồ họa',NULL),('086088063294','Lưu Quỳnh Anh',NULL,'1985-10-25','Phố 7 phường La Khê','Phố 7 phường La Khê','Nữ','Kinh','Việt Nam','Nhân viên chăm sóc khách hàng',NULL),('086275915265','Phạm Thị Kim My',NULL,'1976-12-13','Phố 7 phường La Khê','Phố 7 phường La Khê','Nữ','Kinh','Việt Nam','Trợ lý pháp lý',NULL),('086813294260','Trần Xuân Mỹ',NULL,'2000-05-07','Phố 7 phường La Khê','Phố 7 phường La Khê','Nữ','Kinh','Việt Nam','Sinh viên',NULL),('086833893925','Đinh Minh Mẫn',NULL,'2000-01-06','Phố 7 phường La Khê','Phố 7 phường La Khê','Nam','Kinh','Việt Nam','Sinh viên',NULL),('086865384847','Nguyễn Văn Nhường',NULL,'1961-09-26','Phố 7 phường La Khê','Phố 7 phường La Khê','Nam','Kinh','Việt Nam','Thợ sửa máy',NULL),('086899227658','Nguyễn Tuyết Minh',NULL,'2006-10-18','Phố 7 phường La Khê','Phố 7 phường La Khê','Nữ','Kinh','Việt Nam','Học sinh',NULL),('087126553043','Phạm Nguyễn Bảo Anh',NULL,'2003-12-16','Phố 7 phường La Khê','Phố 7 phường La Khê','Nữ','Kinh','Việt Nam','Sinh viên',NULL),('087641329646','Đoàn Hữu Ngọc Quý',NULL,'2006-01-12','Phố 7 phường La Khê','Phố 7 phường La Khê','Nam','Kinh','Việt Nam','Học sinh',NULL),('087783369965','Trương Thị Mỹ Liên',NULL,'1985-06-09','Phố 7 phường La Khê','Phố 7 phường La Khê','Nữ','Kinh','Việt Nam','Thợ làm tóc',NULL),('087940896961','Tống Văn Long',NULL,'1964-11-14','Phố 7 phường La Khê','Phố 7 phường La Khê','Nam','Kinh','Việt Nam','Nhà thiết kế đồ họa',NULL),('087967595444','Bùi Thị Phương Thảo',NULL,'1981-04-04','Phố 7 phường La Khê','Phố 7 phường La Khê','Nữ','Kinh','Việt Nam','Diễn viên',NULL),('087997774085','Nguyễn Trần Minh Anh',NULL,'2011-02-11','Phố 7 phường La Khê','Phố 7 phường La Khê','Nữ','Kinh','Việt Nam','Học sinh',NULL),('088132898778','Phạm Hoàng Nhân',NULL,'2012-09-14','Phố 7 phường La Khê','Phố 7 phường La Khê','Nam','Kinh','Việt Nam','Học sinh',NULL),('088189222979','Đỗ Thị Liên Hương',NULL,'2008-11-14','Phố 7 phường La Khê','Phố 7 phường La Khê','Nữ','Kinh','Việt Nam','Học sinh',NULL),('088274982449','Phạm Duy',NULL,'1977-02-16','Phố 7 phường La Khê','Phố 7 phường La Khê','Nam','Kinh','Việt Nam','Phi công',NULL),('088323906882','Vũ Văn Linh',NULL,'2001-07-18','Phố 7 phường La Khê','Phố 7 phường La Khê','Nam','Kinh','Việt Nam','Sinh viên',NULL),('088386655931','Lưu Hồng Hạnh',NULL,'2000-08-08','Phố 7 phường La Khê','Phố 7 phường La Khê','Nữ','Kinh','Việt Nam','Sinh viên',NULL),('088403366920','Phạm Thị Thuý Lệ',NULL,'1965-08-07','Phố 7 phường La Khê','Phố 7 phường La Khê','Nữ','Kinh','Việt Nam','Nhà phân tích tài chính',NULL),('088586156258','Hà Thị Kim Ngọc Oanh',NULL,'2000-06-29','Phố 7 phường La Khê','Phố 7 phường La Khê','Nữ','Kinh','Việt Nam','Sinh viên',NULL),('088644050525','Lê Thị Hương Giang',NULL,'2010-06-16','Phố 7 phường La Khê','Phố 7 phường La Khê','Nữ','Kinh','Việt Nam','Học sinh',NULL),('088733886336','Âu Ngọc Diệp',NULL,'1975-04-08','Phố 7 phường La Khê','Phố 7 phường La Khê','Nữ','Kinh','Việt Nam','Diễn viên',NULL),('088820190005','Phạm Minh Sơn',NULL,'1967-01-01','Phố 7 phường La Khê','Phố 7 phường La Khê','Nam','Kinh','Việt Nam','Thợ hàn',NULL),('088930050242','Nguyễn Phan Nhã Quỳnh',NULL,'1980-11-13','Phố 7 phường La Khê','Phố 7 phường La Khê','Nữ','Kinh','Việt Nam','Nhân viên chăm sóc khách hàng',NULL),('088979737839','Trần Hồng Mạnh',NULL,'2012-06-25','Phố 7 phường La Khê','Phố 7 phường La Khê','Nam','Kinh','Việt Nam','Học sinh',NULL),('088993330744','Vương Thị Ái Mỹ',NULL,'2008-04-29','Phố 7 phường La Khê','Phố 7 phường La Khê','Nữ','Kinh','Việt Nam','Học sinh',NULL),('089040857198','Triệu Quốc Dũng',NULL,'2013-02-18','Phố 7 phường La Khê','Phố 7 phường La Khê','Nam','Kinh','Việt Nam','Học sinh',NULL),('089077158515','Đỗ Duy Tú',NULL,'1975-02-04','Phố 7 phường La Khê','Phố 7 phường La Khê','Nam','Kinh','Việt Nam','Bác sĩ',NULL),('089206704135','Đào Công Huy',NULL,'2008-05-12','Phố 7 phường La Khê','Phố 7 phường La Khê','Nam','Kinh','Việt Nam','Học sinh',NULL),('089268471438','Nguyễn Huỳnh Thạch',NULL,'1975-06-28','Phố 7 phường La Khê','Phố 7 phường La Khê','Nam','Kinh','Việt Nam','Quản lý sản phẩm',NULL),('089294790025','Tạ Ngọc Hoàng Lâm',NULL,'2008-03-27','Phố 7 phường La Khê','Phố 7 phường La Khê','Nam','Kinh','Việt Nam','Học sinh',NULL),('089322126868','Lê Sỹ Thanh',NULL,'2002-05-28','Phố 7 phường La Khê','Phố 7 phường La Khê','Nam','Kinh','Việt Nam','Sinh viên',NULL),('089332117132','Nguyễn Trúc Minh',NULL,'1963-03-25','Phố 7 phường La Khê','Phố 7 phường La Khê','Nam','Kinh','Việt Nam','Kiểm toán',NULL),('089531531741','Tô Lê Diễm Quỳnh',NULL,'1974-06-18','Phố 7 phường La Khê','Phố 7 phường La Khê','Nữ','Kinh','Việt Nam','Nhiếp ảnh gia',NULL),('089596143699','Nguyễn Quang Thông',NULL,'2004-03-12','Phố 7 phường La Khê','Phố 7 phường La Khê','Nam','Kinh','Việt Nam','Sinh viên',NULL),('089712227928','Hoàng Mạnh Linh',NULL,'1962-07-18','Phố 7 phường La Khê','Phố 7 phường La Khê','Nam','Kinh','Việt Nam','Thợ làm móng',NULL),('089824385999','Đỗ Văn Ngọc',NULL,'2013-04-03','Phố 7 phường La Khê','Phố 7 phường La Khê','Nam','Kinh','Việt Nam','Học sinh',NULL),('089860237471','Trần Đình Hoàng',NULL,'1962-02-12','Phố 7 phường La Khê','Phố 7 phường La Khê','Nam','Kinh','Việt Nam','Cảnh sát',NULL),('089936231750','Nguyễn Thanh Lan',NULL,'1983-03-04','Phố 7 phường La Khê','Phố 7 phường La Khê','Nữ','Kinh','Việt Nam','Nhà báo',NULL),('090032291270','Tạ Thanh Trang',NULL,'1976-02-19','Phố 7 phường La Khê','Phố 7 phường La Khê','Nữ','Kinh','Việt Nam','Đầu bếp',NULL),('090080455260','Nguyễn Chí Khải',NULL,'2005-03-25','Phố 7 phường La Khê','Phố 7 phường La Khê','Nam','Kinh','Việt Nam','Sinh viên',NULL),('090080615510','Trần Việt Anh',NULL,'1976-08-29','Phố 7 phường La Khê','Phố 7 phường La Khê','Nam','Kinh','Việt Nam','Cảnh sát',NULL),('090121876641','Đào Thị Mơ',NULL,'2013-07-16','Phố 7 phường La Khê','Phố 7 phường La Khê','Nữ','Kinh','Việt Nam','Học sinh',NULL),('090140676713','Lâm Minh Quang',NULL,'1965-06-12','Phố 7 phường La Khê','Phố 7 phường La Khê','Nam','Kinh','Việt Nam','Chuyên viên tiếp thị',NULL),('090142974990','Nguyễn Quốc Hiệp',NULL,'1980-03-28','Phố 7 phường La Khê','Phố 7 phường La Khê','Nam','Kinh','Việt Nam','Huấn luyện viên thể dục',NULL),('090209182460','Phan Đình Hiếu',NULL,'2005-07-07','Phố 7 phường La Khê','Phố 7 phường La Khê','Nam','Kinh','Việt Nam','Sinh viên',NULL),('090305336796','Đỗ Thượng Tôn',NULL,'2004-05-15','Phố 7 phường La Khê','Phố 7 phường La Khê','Nam','Kinh','Việt Nam','Sinh viên',NULL),('090433739813','Lưu Quỳnh Anh',NULL,'1973-06-02','Phố 7 phường La Khê','Phố 7 phường La Khê','Nữ','Kinh','Việt Nam','Diễn viên',NULL),('090470139751','Phú Nữ Khánh Đoan',NULL,'2004-11-09','Phố 7 phường La Khê','Phố 7 phường La Khê','Nữ','Kinh','Việt Nam','Sinh viên',NULL),('090543365359','Trương Thị Mỹ Liên',NULL,'1973-02-10','Phố 7 phường La Khê','Phố 7 phường La Khê','Nữ','Kinh','Việt Nam','Nhà thiết kế đồ họa',NULL),('090683648003','Nguyễn Thị Huyền Trân',NULL,'1976-09-26','Phố 7 phường La Khê','Phố 7 phường La Khê','Nữ','Kinh','Việt Nam','Nha sĩ',NULL),('090764727611','Nguyễn Hữu Hiếu',NULL,'2002-07-12','Phố 7 phường La Khê','Phố 7 phường La Khê','Nam','Kinh','Việt Nam','Sinh viên',NULL),('090917449155','Phạm Hoàng Nhân',NULL,'1966-02-27','Phố 7 phường La Khê','Phố 7 phường La Khê','Nam','Kinh','Việt Nam','Nhân viên tổ chức sự kiện',NULL),('091088988789','Huỳnh Hồ Diệu Nhu',NULL,'2006-03-28','Phố 7 phường La Khê','Phố 7 phường La Khê','Nữ','Kinh','Việt Nam','Học sinh',NULL),('091112420614','Trần Hoài Thanh',NULL,'2010-08-10','Phố 7 phường La Khê','Phố 7 phường La Khê','Nam','Kinh','Việt Nam','Học sinh',NULL),('091194104265','Huỳnh Ngọc Hiệp Ý',NULL,'1985-05-23','Phố 7 phường La Khê','Phố 7 phường La Khê','Nữ','Kinh','Việt Nam','Trợ lý pháp lý',NULL),('091469687290','Châu Đức Vĩnh',NULL,'1969-04-27','Phố 7 phường La Khê','Phố 7 phường La Khê','Nam','Kinh','Việt Nam','Thợ làm tóc',NULL),('091485221554','Mai Thị Quyên',NULL,'2014-11-28','Phố 7 phường La Khê','Phố 7 phường La Khê','Nữ','Kinh','Việt Nam','Học sinh',NULL),('091631568176','Phạm Bích Ngọc',NULL,'2009-01-24','Phố 7 phường La Khê','Phố 7 phường La Khê','Nữ','Kinh','Việt Nam','Học sinh',NULL),('091677307449','Nguyễn Trường Vũ',NULL,'2010-07-16','Phố 7 phường La Khê','Phố 7 phường La Khê','Nam','Kinh','Việt Nam','2010-7-16',NULL),('091759663489','Hoàng Minh Tú',NULL,'1980-01-03','Phố 7 phường La Khê','Phố 7 phường La Khê','Nam','Kinh','Việt Nam','Kỹ sư cơ khí',NULL),('091918234842','Dương Thị Mỹ Trinh',NULL,'2001-10-23','Phố 7 phường La Khê','Phố 7 phường La Khê','Nữ','Kinh','Việt Nam','Sinh viên',NULL),('092108737571','Nguyễn Minh Nhật Trường',NULL,'1964-01-14','Phố 7 phường La Khê','Phố 7 phường La Khê','Nam','Kinh','Việt Nam','Thợ cắt điện',NULL),('092204824336','Trịnh Đức Long',NULL,'2012-07-01','Phố 7 phường La Khê','Phố 7 phường La Khê','Nam','Kinh','Việt Nam','Học sinh',NULL),('092315624092','Phạm Ngọc Cẩm',NULL,'1979-12-12','Phố 7 phường La Khê','Phố 7 phường La Khê','Nữ','Kinh','Việt Nam','Chuyên viên tiếp thị',NULL),('092386492541','Nguyễn Huỳnh Nhương',NULL,'1967-04-14','Phố 7 phường La Khê','Phố 7 phường La Khê','Nam','Kinh','Việt Nam','Nhân viên IT',NULL),('092509185230','Lưu Kim Cương',NULL,'2014-02-25','Phố 7 phường La Khê','Phố 7 phường La Khê','Nữ','Kinh','Việt Nam','Học sinh',NULL),('093020971339','Nguyễn Phúc Đăng Khôi',NULL,'1960-11-08','Phố 7 phường La Khê','Phố 7 phường La Khê','Nam','Kinh','Việt Nam','Nha sĩ',NULL),('093021283935','Trần Thanh Nguyên',NULL,'1977-08-24','Phố 7 phường La Khê','Phố 7 phường La Khê','Nữ','Kinh','Việt Nam','Kiến trúc sư',NULL),('093048073056','Phạm Duy Tuấn',NULL,'1964-12-31','Phố 7 phường La Khê','Phố 7 phường La Khê','Nam','Kinh','Việt Nam','Huấn luyện viên thể dục',NULL),('093103793075','Nguyễn Hoàng Thuận',NULL,'1975-12-13','Phố 7 phường La Khê','Phố 7 phường La Khê','Nữ','Kinh','Việt Nam','Nha sĩ',NULL),('093156617204','Lê Kim Ngân',NULL,'2010-12-30','Phố 7 phường La Khê','Phố 7 phường La Khê','Nữ','Kinh','Việt Nam','Học sinh',NULL),('093353176953','Nguyễn Ngọc Hoa Cúc',NULL,'1965-01-21','Phố 7 phường La Khê','Phố 7 phường La Khê','Nữ','Kinh','Việt Nam','Nhà phân tích tài chính',NULL),('093427849601','Đoàn Thanh Phương',NULL,'1961-01-14','Phố 7 phường La Khê','Phố 7 phường La Khê','Nam','Kinh','Việt Nam','Thợ cơ khí',NULL),('093561347142','Vũ Nguyễn Ngọc Hân',NULL,'2001-01-22','Phố 7 phường La Khê','Phố 7 phường La Khê','Nữ','Kinh','Việt Nam','Sinh viên',NULL),('093818546847','Vũ Văn Dương',NULL,'1968-05-27','Phố 7 phường La Khê','Phố 7 phường La Khê','Nam','Kinh','Việt Nam','Thợ sửa máy',NULL),('094061655170','Hồ Quốc Thư',NULL,'2006-11-15','Phố 7 phường La Khê','Phố 7 phường La Khê','Nam','Kinh','Việt Nam','Học sinh',NULL),('094100445008','Nguyễn Ngọc Vân Tuyền',NULL,'1965-06-03','Phố 7 phường La Khê','Phố 7 phường La Khê','Nữ','Kinh','Việt Nam','Quản lý nhân sự',NULL),('094104594133','Võ Đặng Ngọc Trân',NULL,'1985-12-25','Phố 7 phường La Khê','Phố 7 phường La Khê','Nữ','Kinh','Việt Nam','Đầu bếp',NULL),('094111678841','Võ Thị Thu Viên',NULL,'2003-09-29','Phố 7 phường La Khê','Phố 7 phường La Khê','Nữ','Kinh','Việt Nam','Sinh viên',NULL),('094278418815','Lý Minh Huy',NULL,'1978-01-12','Phố 7 phường La Khê','Phố 7 phường La Khê','Nam','Kinh','Việt Nam','Nghệ sĩ',NULL),('094314186141','Đinh Thị Ngọc Hiếu',NULL,'2005-04-07','Phố 7 phường La Khê','Phố 7 phường La Khê','Nữ','Kinh','Việt Nam','Sinh viên',NULL),('094350041302','Trần Quốc An',NULL,'1972-01-03','Phố 7 phường La Khê','Phố 7 phường La Khê','Nam','Kinh','Việt Nam','Y tá',NULL),('094590424430','Trần Đắc Công Danh',NULL,'1967-09-19','Phố 7 phường La Khê','Phố 7 phường La Khê','Nam','Kinh','Việt Nam','Quản lý truyền thông xã hội',NULL),('094728822482','Vũ Thị Sen',NULL,'1976-11-10','Phố 7 phường La Khê','Phố 7 phường La Khê','Nữ','Kinh','Việt Nam','Nhà phân tích tài chính',NULL),('094830724684','Trần Thị Thuỷ',NULL,'2011-09-17','Phố 7 phường La Khê','Phố 7 phường La Khê','Nữ','Kinh','Việt Nam','Học sinh',NULL),('094917744830','Ngô Huỳnh Đức',NULL,'2008-02-04','Phố 7 phường La Khê','Phố 7 phường La Khê','Nam','Kinh','Việt Nam','2008-2-4',NULL),('094940979381','Nguyễn Thị Quỳnh Nhi',NULL,'1965-04-22','Phố 7 phường La Khê','Phố 7 phường La Khê','Nữ','Kinh','Việt Nam','Nhà thiết kế đồ họa',NULL),('095021808429','Trịnh Gia Thanh',NULL,'2013-12-22','Phố 7 phường La Khê','Phố 7 phường La Khê','Nam','Kinh','Việt Nam','Học sinh',NULL),('095083666898','Nguyễn Ôn Ngọc Bảo',NULL,'2008-05-16','Phố 7 phường La Khê','Phố 7 phường La Khê','Nam','Kinh','Việt Nam','Học sinh',NULL),('095198264354','Nguyễn Phạmthảo Vy',NULL,'1973-10-09','Phố 7 phường La Khê','Phố 7 phường La Khê','Nữ','Kinh','Việt Nam','Y tá',NULL),('095290069403','Trần Thị Mộng Phàn',NULL,'1983-05-30','Phố 7 phường La Khê','Phố 7 phường La Khê','Nữ','Kinh','Việt Nam','Giáo viên',NULL),('095318562954','Nguyễn Quang Thịnh',NULL,'2005-01-10','Phố 7 phường La Khê','Phố 7 phường La Khê','Nam','Kinh','Việt Nam','Sinh viên',NULL),('095394462857','Vũ Thị Sen',NULL,'2001-01-10','Phố 7 phường La Khê','Phố 7 phường La Khê','Nữ','Kinh','Việt Nam','Sinh viên',NULL),('095432003570','Phạm Hồng Yến',NULL,'1980-04-07','Phố 7 phường La Khê','Phố 7 phường La Khê','Nữ','Kinh','Việt Nam','Chuyên viên tiếp thị',NULL),('095471524352','Đỗ Huyền My',NULL,'1967-02-13','Phố 7 phường La Khê','Phố 7 phường La Khê','Nữ','Kinh','Việt Nam','Kiến trúc sư',NULL),('095503321228','Lê Nguyễn Thanh Trang',NULL,'2015-04-22','Phố 7 phường La Khê','Phố 7 phường La Khê','Nữ','Kinh','Việt Nam','Học sinh',NULL),('095623682701','Lê Quốc Hùng',NULL,'2002-06-16','Phố 7 phường La Khê','Phố 7 phường La Khê','Nam','Kinh','Việt Nam','Sinh viên',NULL),('095728128191','Đào Công Huy',NULL,'2012-08-11','Phố 7 phường La Khê','Phố 7 phường La Khê','Nam','Kinh','Việt Nam','2012-8-11',NULL),('096116543794','Lê Thị Mỵ Nương',NULL,'1969-10-22','Phố 7 phường La Khê','Phố 7 phường La Khê','Nữ','Kinh','Việt Nam','Trợ lý pháp lý',NULL),('096125410470','Phạm Hoài Linh',NULL,'1978-08-15','Phố 7 phường La Khê','Phố 7 phường La Khê','Nữ','Kinh','Việt Nam','Kiến trúc sư',NULL),('096238164566','Lê Thị Ngọc Tú',NULL,'2002-07-31','Phố 7 phường La Khê','Phố 7 phường La Khê','Nữ','Kinh','Việt Nam','Sinh viên',NULL),('096392774408','Phạm Thị Minh Thu',NULL,'2000-06-12','Phố 7 phường La Khê','Phố 7 phường La Khê','Nữ','Kinh','Việt Nam','Sinh viên',NULL),('096437151566','Nguyễn Ngọc Thanh Thi',NULL,'1975-05-04','Phố 7 phường La Khê','Phố 7 phường La Khê','Nữ','Kinh','Việt Nam','Trợ lý pháp lý',NULL),('096544629750','Đào Thị Mơ',NULL,'1979-03-02','Phố 7 phường La Khê','Phố 7 phường La Khê','Nữ','Kinh','Việt Nam','Kế toán viên',NULL),('096722894578','Võ Thành Văn',NULL,'1962-08-25','Phố 7 phường La Khê','Phố 7 phường La Khê','Nam','Kinh','Việt Nam','Nhân viên tổ chức sự kiện',NULL),('096897395442','Lê Công Bách',NULL,'2012-05-31','Phố 7 phường La Khê','Phố 7 phường La Khê','Nam','Kinh','Việt Nam','2012-5-31',NULL),('097057681257','Phạm Thị Ánh Ngọc',NULL,'2010-08-18','Phố 7 phường La Khê','Phố 7 phường La Khê','Nữ','Kinh','Việt Nam','Học sinh',NULL),('097136872968','Nguyễn Phụng Hoàn Minh',NULL,'2004-11-07','Phố 7 phường La Khê','Phố 7 phường La Khê','Nam','Kinh','Việt Nam','Sinh viên',NULL),('097323730425','Nguyễn Ngọc Thăng Long',NULL,'2003-04-22','Phố 7 phường La Khê','Phố 7 phường La Khê','Nam','Kinh','Việt Nam','Sinh viên',NULL),('097344239172','Lê Phước Đạt',NULL,'1969-12-07','Phố 7 phường La Khê','Phố 7 phường La Khê','Nam','Kinh','Việt Nam','Quản lý sản phẩm',NULL),('097581227493','Lê Thị Ngọc Huệ',NULL,'2004-03-31','Phố 7 phường La Khê','Phố 7 phường La Khê','Nữ','Kinh','Việt Nam','Sinh viên',NULL),('097710604938','Nguyễn Thị Hằng',NULL,'1966-09-27','Phố 7 phường La Khê','Phố 7 phường La Khê','Nữ','Kinh','Việt Nam','Y tá',NULL),('097727754756','Nguyễn Phúc Đăng Khôi',NULL,'2011-01-08','Phố 7 phường La Khê','Phố 7 phường La Khê','Nam','Kinh','Việt Nam','Học sinh',NULL),('097768599553','Dương Đức Nhân',NULL,'2014-06-24','Phố 7 phường La Khê','Phố 7 phường La Khê','Nam','Kinh','Việt Nam','Học sinh',NULL),('097917409808','Nguyễn Ngọc Vân Tuyền',NULL,'1983-03-27','Phố 7 phường La Khê','Phố 7 phường La Khê','Nữ','Kinh','Việt Nam','Giáo viên',NULL),('098091340674','Nguyễn Ngọc Vân Tuyền',NULL,'1984-09-16','Phố 7 phường La Khê','Phố 7 phường La Khê','Nữ','Kinh','Việt Nam','Nhân viên chăm sóc khách hàng',NULL),('098128790492','Nguyễn Đăng Trung',NULL,'2000-08-11','Phố 7 phường La Khê','Phố 7 phường La Khê','Nam','Kinh','Việt Nam','2000-8-11',NULL),('098160504745','Nguyễn Quang Thịnh',NULL,'2010-09-12','Phố 7 phường La Khê','Phố 7 phường La Khê','Nam','Kinh','Việt Nam','Học sinh',NULL),('098164287778','Nguyễn Thị Mỹ Hạnh',NULL,'1974-07-17','Phố 7 phường La Khê','Phố 7 phường La Khê','Nữ','Kinh','Việt Nam','Quản lý sản phẩm',NULL),('098183166270','Huỳnh Đăng Nguyện',NULL,'2015-09-07','Phố 7 phường La Khê','Phố 7 phường La Khê','Nam','Kinh','Việt Nam','Học sinh',NULL),('098225021235','Dương Vinh Quang',NULL,'1962-12-27','Phố 7 phường La Khê','Phố 7 phường La Khê','Nam','Kinh','Việt Nam','Thợ cắt điện',NULL),('098285739046','Trịnh Thị Nga',NULL,'1982-01-26','Phố 7 phường La Khê','Phố 7 phường La Khê','Nữ','Kinh','Việt Nam','Kiến trúc sư',NULL),('098441720712','Cao Quang Trường',NULL,'1964-07-11','Phố 7 phường La Khê','Phố 7 phường La Khê','Nam','Kinh','Việt Nam','Thợ lắp ráp',NULL),('098544548812','Đinh Minh Mẫn',NULL,'1978-02-13','Phố 7 phường La Khê','Phố 7 phường La Khê','Nam','Kinh','Việt Nam','Giáo viên',NULL),('098696166050','Lê Bùi Trúc Phương',NULL,'2012-04-09','Phố 7 phường La Khê','Phố 7 phường La Khê','Nữ','Kinh','Việt Nam','Học sinh',NULL),('098914617478','Bùi Phương Linh',NULL,'2011-07-10','Phố 7 phường La Khê','Phố 7 phường La Khê','Nữ','Kinh','Việt Nam','Học sinh',NULL),('098915443803','Lê Ngọc Tuyền',NULL,'1982-11-10','Phố 7 phường La Khê','Phố 7 phường La Khê','Nữ','Kinh','Việt Nam','Kỹ sư cơ khí',NULL),('098962512647','Đặng Nam Hiền Thảo',NULL,'2005-08-04','Phố 7 phường La Khê','Phố 7 phường La Khê','Nữ','Kinh','Việt Nam','Sinh viên',NULL),('099162379391','Nhâm Anh Tú',NULL,'1976-01-03','Phố 7 phường La Khê','Phố 7 phường La Khê','Nam','Kinh','Việt Nam','Nhà thiết kế đồ họa',NULL),('099274837323','Lê Trần Thịnh',NULL,'2000-03-21','Phố 7 phường La Khê','Phố 7 phường La Khê','Nam','Kinh','Việt Nam','Sinh viên',NULL),('099303888921','Phạm Mạnh Quỳnh',NULL,'1977-08-21','Phố 7 phường La Khê','Phố 7 phường La Khê','Nam','Kinh','Việt Nam','Thợ sửa ống nước',NULL),('099578269044','Thái Quốc Bảo',NULL,'1972-03-26','Phố 7 phường La Khê','Phố 7 phường La Khê','Nam','Kinh','Việt Nam','Quản lý truyền thông xã hội',NULL),('099595219036','Bùi An Dương',NULL,'1975-10-06','Phố 7 phường La Khê','Phố 7 phường La Khê','Nam','Kinh','Việt Nam','Thợ cắt tóc',NULL),('099604707799','Nguyễn Thị Thu Ngân',NULL,'2014-10-28','Phố 7 phường La Khê','Phố 7 phường La Khê','Nữ','Kinh','Việt Nam','Học sinh',NULL),('099928650270','Trần Việt Anh',NULL,'2005-12-30','Phố 7 phường La Khê','Phố 7 phường La Khê','Nam','Kinh','Việt Nam','Học sinh',NULL);
/*!40000 ALTER TABLE `nhankhau` ENABLE KEYS */;
UNLOCK TABLES;

--
-- Table structure for table `nhankhau_hokhau`
--

DROP TABLE IF EXISTS `nhankhau_hokhau`;
/*!40101 SET @saved_cs_client     = @@character_set_client */;
/*!50503 SET character_set_client = utf8mb4 */;
CREATE TABLE `nhankhau_hokhau` (
  `NhanKhauID` varchar(12) NOT NULL,
  `HoKhauID` varchar(50) NOT NULL,
  `QHChuHo` varchar(50) CHARACTER SET utf8mb3 COLLATE utf8mb3_general_ci NOT NULL COMMENT 'Quan hệ của người này với chủ hộ, nếu là chủ hộ thì ghi là "Chủ hộ"',
  `NgayBatDau` date NOT NULL,
  `NgayKetThuc` date DEFAULT NULL,
  `LoaiLuuTru` varchar(50) CHARACTER SET utf8mb3 COLLATE utf8mb3_general_ci NOT NULL,
  PRIMARY KEY (`NhanKhauID`,`HoKhauID`,`NgayBatDau`,`LoaiLuuTru`),
  KEY `fk_HoKhauID` (`HoKhauID`),
  CONSTRAINT `fk_HoKhauID` FOREIGN KEY (`HoKhauID`) REFERENCES `hokhau` (`SoHK`),
  CONSTRAINT `fk_NhanKhauID` FOREIGN KEY (`NhanKhauID`) REFERENCES `nhankhau` (`CCCD`)
) ENGINE=InnoDB DEFAULT CHARSET=utf8mb4 COLLATE=utf8mb4_0900_ai_ci COMMENT='Quan hệ nhân khẩu - hộ khẩu, biểu thị người này thuộc hộ khẩu này';
/*!40101 SET character_set_client = @saved_cs_client */;

--
-- Dumping data for table `nhankhau_hokhau`
--

LOCK TABLES `nhankhau_hokhau` WRITE;
/*!40000 ALTER TABLE `nhankhau_hokhau` DISABLE KEYS */;
INSERT INTO `nhankhau_hokhau` VALUES ('000057127152','75','Con','2007-07-29','2100-01-01','Thường trú'),('000092343613','208','Chủ hộ','1972-10-15','2100-01-01','Thường trú'),('000299701497','145','Con','2012-04-21','2100-01-01','Thường trú'),('000492540122','21','Vợ','2000-07-14','2100-01-01','Thường trú'),('000559411051','182','Con','2006-04-09','2100-01-01','Thường trú'),('000670970486','216','Con','2000-03-27','2100-01-01','Thường trú'),('000747860504','34','Chủ hộ','1975-01-07','2100-01-01','Thường trú'),('000787765319','65','Vợ','2000-04-15','2100-01-01','Thường trú'),('000962588199','46','Vợ','2000-08-11','2100-01-01','Thường trú'),('000973499388','9','Chủ hộ','1979-09-01','2100-01-01','Thường trú'),('001056367209','10','Con','2000-01-03','2100-01-01','Thường trú'),('001091847754','19','Vợ','1998-10-18','2100-01-01','Thường trú'),('001095822961','140','Con','2007-04-17','2100-01-01','Thường trú'),('001162612593','210','Vợ','1999-01-17','2100-01-01','Thường trú'),('001201714062','151','Chủ hộ','1971-12-29','2100-01-01','Thường trú'),('001419632012','236','Con','2009-10-20','2100-01-01','Thường trú'),('001464479814','36','Vợ','1998-10-02','2100-01-01','Thường trú'),('001706197653','241','Vợ','1999-03-06','2100-01-01','Thường trú'),('001965393425','233','Vợ','1999-04-20','2100-01-01','Thường trú'),('001965395483','250','Vợ','2000-10-27','2100-01-01','Thường trú'),('002046462591','124','Con','2001-02-17','2100-01-01','Thường trú'),('002075714918','219','Con','2004-03-10','2100-01-01','Thường trú'),('002130893709','193','Con','2007-11-11','2100-01-01','Thường trú'),('002177701003','169','Chủ hộ','1971-11-04','2100-01-01','Thường trú'),('002398518601','126','Vợ','1999-07-08','2100-01-01','Thường trú'),('002482108013','126','Chủ hộ','1971-06-25','2100-01-01','Thường trú'),('002544345932','79','Chủ hộ','1972-01-11','2100-01-01','Thường trú'),('002553453211','15','Vợ','2000-08-18','2100-01-01','Thường trú'),('002596211353','117','Vợ','1998-08-12','2100-01-01','Thường trú'),('002692369099','45','Con','2000-06-24','2100-01-01','Thường trú'),('002734904260','11','Chủ hộ','1962-05-15','2100-01-01','Thường trú'),('002736385594','140','Vợ','2000-04-08','2100-01-01','Thường trú'),('003009591425','112','Con','2009-04-08','2100-01-01','Thường trú'),('003292225886','46','Chủ hộ','1973-03-08','2100-01-01','Thường trú'),('003398685931','240','Con','2014-05-27','2100-01-01','Thường trú'),('003524325019','29','Con','2012-07-29','2100-01-01','Thường trú'),('003560117721','62','Con','2010-09-30','2100-01-01','Thường trú'),('003685192530','174','Con','2007-12-04','2100-01-01','Thường trú'),('003692676837','160','Con','2001-06-07','2100-01-01','Thường trú'),('003802808353','16','Con','2007-10-19','2100-01-01','Thường trú'),('003834382475','121','Chủ hộ','1973-04-18','2100-01-01','Thường trú'),('003866212909','243','Con','2002-12-24','2100-01-01','Thường trú'),('003896907949','37','Vợ','1998-09-29','2100-01-01','Thường trú'),('003906004847','170','Con','2004-04-19','2100-01-01','Thường trú'),('003929138678','50','Chủ hộ','1965-09-16','2100-01-01','Thường trú'),('004170957702','110','Vợ','2000-07-19','2100-01-01','Thường trú'),('004185811256','157','Vợ','1998-11-05','2100-01-01','Thường trú'),('004207549167','225','Con','2003-04-15','2100-01-01','Thường trú'),('004328684372','101','Con','2010-12-06','2100-01-01','Thường trú'),('004359267823','144','Chủ hộ','1967-05-17','2100-01-01','Thường trú'),('004376328130','24','Chủ hộ','1966-04-18','2100-01-01','Thường trú'),('004402015011','111','Con','2012-07-28','2100-01-01','Thường trú'),('004408853550','114','Vợ','2000-01-04','2100-01-01','Thường trú'),('004471681844','239','Chủ hộ','1963-06-11','2100-01-01','Thường trú'),('004476238230','224','Chủ hộ','1960-09-29','2100-01-01','Thường trú'),('004631265840','197','Con','2013-10-12','2100-01-01','Thường trú'),('004683088819','88','Con','2009-02-19','2100-01-01','Thường trú'),('004766197733','59','Con','2006-02-27','2100-01-01','Thường trú'),('004879517155','242','Con','2009-07-12','2100-01-01','Thường trú'),('004941106464','231','Vợ','1998-06-29','2100-01-01','Thường trú'),('004941135849','233','Con','2005-06-12','2100-01-01','Thường trú'),('004974723907','143','Con','2006-01-31','2100-01-01','Thường trú'),('005068506689','81','Chủ hộ','1972-10-15','2100-01-01','Thường trú'),('005099211017','20','Vợ','2000-03-19','2100-01-01','Thường trú'),('005169406402','162','Vợ','1999-05-24','2100-01-01','Thường trú'),('005214849852','148','Vợ','2000-04-02','2100-01-01','Thường trú'),('005354644480','172','Con','2001-10-08','2100-01-01','Thường trú'),('005379792190','216','Chủ hộ','1960-09-25','2100-01-01','Thường trú'),('005489593274','26','Chủ hộ','1976-09-02','2100-01-01','Thường trú'),('005557756621','188','Vợ','1999-05-09','2100-01-01','Thường trú'),('005611081461','234','Con','2002-05-27','2100-01-01','Thường trú'),('005655663290','149','Con','2004-04-10','2100-01-01','Thường trú'),('005713878468','14','Chủ hộ','1978-05-31','2100-01-01','Thường trú'),('005775382615','33','Vợ','1998-10-26','2100-01-01','Thường trú'),('005818278278','186','Chủ hộ','1970-06-14','2100-01-01','Thường trú'),('005833880431','43','Vợ','1999-08-29','2100-01-01','Thường trú'),('005938698278','103','Chủ hộ','1978-02-26','2100-01-01','Thường trú'),('005996380849','166','Vợ','2000-11-12','2100-01-01','Thường trú'),('006065526766','191','Vợ','2000-11-01','2100-01-01','Thường trú'),('006434038967','94','Chủ hộ','1976-08-30','2100-01-01','Thường trú'),('006524895333','30','Con','2004-06-29','2100-01-01','Thường trú'),('006758389612','38','Con','2012-12-27','2100-01-01','Thường trú'),('006930726986','84','Con','2015-02-03','2100-01-01','Thường trú'),('006938776310','226','Vợ','1998-05-13','2100-01-01','Thường trú'),('007146273322','162','Chủ hộ','1970-07-04','2100-01-01','Thường trú'),('007320878312','206','Chủ hộ','1978-04-05','2100-01-01','Thường trú'),('007533983483','131','Con','2007-03-15','2100-01-01','Thường trú'),('007654888094','26','Con','2008-12-29','2100-01-01','Thường trú'),('007790994919','90','Con','2008-06-26','2100-01-01','Thường trú'),('007838350738','120','Chủ hộ','1963-10-19','2100-01-01','Thường trú'),('007864202772','150','Vợ','1998-12-09','2100-01-01','Thường trú'),('007872977441','60','Con','2007-09-11','2100-01-01','Thường trú'),('007937970015','11','Con','2005-09-24','2100-01-01','Thường trú'),('007993282984','165','Con','2000-03-17','2100-01-01','Thường trú'),('008138258569','248','Chủ hộ','1961-11-04','2100-01-01','Thường trú'),('008287958357','219','Con','2009-10-14','2100-01-01','Thường trú'),('008778740762','69','Chủ hộ','1979-12-16','2100-01-01','Thường trú'),('008793524550','153','Con','2000-04-06','2100-01-01','Thường trú'),('008854091419','138','Chủ hộ','1980-12-04','2100-01-01','Thường trú'),('008858088503','121','Con','2004-11-21','2100-01-01','Thường trú'),('008954248222','180','Vợ','1999-12-17','2100-01-01','Thường trú'),('009376815048','197','Con','2012-03-09','2100-01-01','Thường trú'),('009399918189','214','Chủ hộ','1980-12-04','2100-01-01','Thường trú'),('009466561289','57','Con','2007-03-14','2100-01-01','Thường trú'),('009681057550','57','Con','2003-01-27','2100-01-01','Thường trú'),('009744403057','118','Chủ hộ','1979-08-17','2100-01-01','Thường trú'),('009765754694','118','Vợ','2000-01-06','2100-01-01','Thường trú'),('010053159977','7','Con','2009-09-04','2100-01-01','Thường trú'),('010221515284','248','Con','2014-05-17','2100-01-01','Thường trú'),('010325627905','133','Con','2013-12-15','2100-01-01','Thường trú'),('010405251442','12','Con','2006-10-28','2100-01-01','Thường trú'),('010483199988','57','Vợ','2000-10-13','2100-01-01','Thường trú'),('010582700253','86','Vợ','1999-06-15','2100-01-01','Thường trú'),('010708091238','214','Con','2002-09-08','2100-01-01','Thường trú'),('010712352102','3','Chủ hộ','1977-04-25','2100-01-01','Thường trú'),('010891213525','177','Chủ hộ','1975-08-26','2100-01-01','Thường trú'),('011182725208','62','Chủ hộ','1980-02-09','2100-01-01','Thường trú'),('011316112726','113','Con','2011-10-06','2100-01-01','Thường trú'),('011403505425','247','Con','2003-07-28','2100-01-01','Thường trú'),('011405572714','19','Chủ hộ','1970-05-24','2100-01-01','Thường trú'),('011513981879','106','Con','2002-12-06','2100-01-01','Thường trú'),('011517797714','228','Chủ hộ','1962-11-16','2100-01-01','Thường trú'),('011563140174','35','Vợ','2000-08-06','2100-01-01','Thường trú'),('011603806678','29','Vợ','1999-06-28','2100-01-01','Thường trú'),('011640265368','146','Con','2005-07-27','2100-01-01','Thường trú'),('011696960453','216','Con','2014-09-01','2100-01-01','Thường trú'),('011837645357','53','Con','2012-03-13','2100-01-01','Thường trú'),('012005725899','5','Con','2009-05-08','2100-01-01','Thường trú'),('012093950085','68','Con','2013-03-25','2100-01-01','Thường trú'),('012275432002','4','Con','2003-08-10','2100-01-01','Thường trú'),('012362261499','136','Con','2010-01-14','2100-01-01','Thường trú'),('012396562534','232','Con','2002-01-16','2100-01-01','Thường trú'),('012563063734','108','Con','2011-04-23','2100-01-01','Thường trú'),('012579504619','174','Chủ hộ','1961-12-21','2100-01-01','Thường trú'),('012691392722','190','Con','2007-02-22','2100-01-01','Thường trú'),('012904515345','171','Vợ','1999-06-28','2100-01-01','Thường trú'),('013233127941','17','Chủ hộ','1975-10-31','2100-01-01','Thường trú'),('013313676347','233','Chủ hộ','1962-07-07','2100-01-01','Thường trú'),('013491523452','44','Chủ hộ','1964-11-08','2100-01-01','Thường trú'),('013782400116','102','Con','2006-11-30','2100-01-01','Thường trú'),('013898446226','246','Con','2003-12-30','2100-01-01','Thường trú'),('014144504226','130','Con','2001-07-22','2100-01-01','Thường trú'),('014152105854','11','Con','2002-02-27','2100-01-01','Thường trú'),('014173831842','204','Vợ','1999-06-18','2100-01-01','Thường trú'),('014193509559','108','Chủ hộ','1965-07-10','2100-01-01','Thường trú'),('014238823178','225','Vợ','2000-11-10','2100-01-01','Thường trú'),('014547334046','33','Con','2010-03-30','2100-01-01','Thường trú'),('014605232094','66','Vợ','1998-03-21','2100-01-01','Thường trú'),('014611587966','191','Con','2011-07-12','2100-01-01','Thường trú'),('014692226340','39','Con','2002-01-23','2100-01-01','Thường trú'),('014708320098','20','Chủ hộ','1969-11-03','2100-01-01','Thường trú'),('014720179267','228','Con','2001-07-07','2100-01-01','Thường trú'),('015085158661','212','Chủ hộ','1963-05-04','2100-01-01','Thường trú'),('015090920947','38','Chủ hộ','1966-10-30','2100-01-01','Thường trú'),('015183020168','155','Con','2007-08-29','2100-01-01','Thường trú'),('015369723990','221','Vợ','2000-07-25','2100-01-01','Thường trú'),('015411286024','85','Con','2003-02-09','2100-01-01','Thường trú'),('015450167403','5','Vợ','2000-09-27','2100-01-01','Thường trú'),('015532005235','110','Chủ hộ','1971-11-07','2100-01-01','Thường trú'),('015595248442','72','Con','2006-06-23','2100-01-01','Thường trú'),('015648005086','175','Con','2015-09-04','2100-01-01','Thường trú'),('015694712038','200','Chủ hộ','1962-08-26','2100-01-01','Thường trú'),('015730523135','119','Vợ','2000-04-18','2100-01-01','Thường trú'),('015943526778','238','Con','2006-12-09','2100-01-01','Thường trú'),('016037388994','164','Vợ','1999-01-19','2100-01-01','Thường trú'),('016195072612','76','Con','2006-12-05','2100-01-01','Thường trú'),('016197161697','3','Vợ','1998-03-23','2100-01-01','Thường trú'),('016384141214','21','Chủ hộ','1980-10-12','2100-01-01','Thường trú'),('016422356850','16','Vợ','2000-02-22','2100-01-01','Thường trú'),('016482442733','221','Con','2011-02-26','2100-01-01','Thường trú'),('016505949017','132','Con','2015-02-03','2100-01-01','Thường trú'),('016603471426','93','Vợ','1999-01-26','2100-01-01','Thường trú'),('016834769042','178','Chủ hộ','1980-09-13','2100-01-01','Thường trú'),('016927679028','98','Con','2001-02-16','2100-01-01','Thường trú'),('016933726845','41','Con','2002-09-27','2100-01-01','Thường trú'),('017231797228','75','Chủ hộ','1967-06-17','2100-01-01','Thường trú'),('017334854740','4','Vợ','1999-07-11','2100-01-01','Thường trú'),('017511148995','208','Con','2011-05-07','2100-01-01','Thường trú'),('017585200420','42','Vợ','2000-02-17','2100-01-01','Thường trú'),('017590695671','92','Chủ hộ','1967-05-21','2100-01-01','Thường trú'),('017699718260','234','Con','2007-08-25','2100-01-01','Thường trú'),('017979615218','130','Chủ hộ','1967-01-26','2100-01-01','Thường trú'),('018032549240','16','Con','2006-09-05','2100-01-01','Thường trú'),('018189556786','77','Vợ','1999-12-14','2100-01-01','Thường trú'),('018231813665','166','Con','2012-06-27','2100-01-01','Thường trú'),('018396326350','166','Chủ hộ','1972-07-03','2100-01-01','Thường trú'),('018432041168','127','Chủ hộ','1967-05-27','2100-01-01','Thường trú'),('018457467838','118','Con','2015-05-15','2100-01-01','Thường trú'),('018553677399','162','Con','2001-06-18','2100-01-01','Thường trú'),('018726301103','87','Con','2008-11-07','2100-01-01','Thường trú'),('018771208506','49','Chủ hộ','1967-11-12','2100-01-01','Thường trú'),('018834999055','24','Con','2001-06-14','2100-01-01','Thường trú'),('018878545909','242','Con','2007-08-23','2100-01-01','Thường trú'),('018904926611','37','Con','2001-05-13','2100-01-01','Thường trú'),('018971772546','220','Chủ hộ','1976-04-11','2100-01-01','Thường trú'),('018988830516','249','Con','2008-06-23','2100-01-01','Thường trú'),('018993384940','27','Chủ hộ','1962-05-01','2100-01-01','Thường trú'),('019000730657','209','Con','2009-04-26','2100-01-01','Thường trú'),('019030431552','4','Con','2011-12-04','2100-01-01','Thường trú'),('019221998340','158','Vợ','1999-03-04','2100-01-01','Thường trú'),('019225017375','224','Con','2007-10-20','2100-01-01','Thường trú'),('019329972888','191','Con','2003-09-06','2100-01-01','Thường trú'),('019331165811','113','Chủ hộ','1961-01-07','2100-01-01','Thường trú'),('019456881329','186','Con','2007-07-05','2100-01-01','Thường trú'),('019502452862','114','Con','2007-02-20','2100-01-01','Thường trú'),('019583064767','207','Con','2012-10-02','2100-01-01','Thường trú'),('019697610102','173','Con','2002-01-25','2100-01-01','Thường trú'),('019879069663','147','Vợ','1998-02-21','2100-01-01','Thường trú'),('019995348569','120','Con','2004-03-12','2100-01-01','Thường trú'),('020109734864','127','Vợ','1998-08-26','2100-01-01','Thường trú'),('020115243446','26','Con','2011-11-04','2100-01-01','Thường trú'),('020255301416','23','Con','2013-04-03','2100-01-01','Thường trú'),('020303336739','12','Chủ hộ','1970-09-20','2100-01-01','Thường trú'),('020375471770','222','Chủ hộ','1961-07-15','2100-01-01','Thường trú'),('020416643292','5','Chủ hộ','1969-10-11','2100-01-01','Thường trú'),('020508346350','125','Vợ','1998-02-18','2100-01-01','Thường trú'),('020580451213','219','Vợ','1999-08-24','2100-01-01','Thường trú'),('020618322604','110','Con','2000-11-17','2100-01-01','Thường trú'),('020638522104','128','Vợ','1998-11-24','2100-01-01','Thường trú'),('020909152965','23','Chủ hộ','1964-10-04','2100-01-01','Thường trú'),('020928110620','195','Con','2012-05-06','2100-01-01','Thường trú'),('021285721573','84','Chủ hộ','1980-03-01','2100-01-01','Thường trú'),('021710338017','100','Vợ','1999-06-16','2100-01-01','Thường trú'),('021746936755','103','Con','2000-02-01','2100-01-01','Thường trú'),('021775540603','161','Con','2013-05-12','2100-01-01','Thường trú'),('021897445911','83','Chủ hộ','1975-09-02','2100-01-01','Thường trú'),('022019125446','208','Vợ','1999-03-24','2100-01-01','Thường trú'),('022195238538','123','Vợ','1999-08-05','2100-01-01','Thường trú'),('022362658604','97','Con','2009-08-17','2100-01-01','Thường trú'),('022681291694','177','Vợ','2000-02-15','2100-01-01','Thường trú'),('022812307108','156','Con','2010-03-21','2100-01-01','Thường trú'),('023015311243','77','Con','2007-07-04','2100-01-01','Thường trú'),('023172334829','58','Chủ hộ','1978-04-05','2100-01-01','Thường trú'),('023240125510','164','Chủ hộ','1966-02-02','2100-01-01','Thường trú'),('023251821408','229','Con','2002-07-26','2100-01-01','Thường trú'),('023469322829','52','Con','2008-12-29','2100-01-01','Thường trú'),('023479713109','107','Con','2008-08-29','2100-01-01','Thường trú'),('023660885512','209','Con','2000-01-28','2100-01-01','Thường trú'),('023683578124','99','Vợ','1999-03-09','2100-01-01','Thường trú'),('023825440687','168','Chủ hộ','1969-07-30','2100-01-01','Thường trú'),('023848797592','83','Vợ','2000-06-14','2100-01-01','Thường trú'),('024025470003','81','Con','2014-09-25','2100-01-01','Thường trú'),('024068829093','91','Con','2011-08-01','2100-01-01','Thường trú'),('024586805661','201','Con','2007-01-10','2100-01-01','Thường trú'),('024726561507','166','Con','2005-06-07','2100-01-01','Thường trú'),('024757431011','216','Vợ','1999-02-13','2100-01-01','Thường trú'),('025074711509','218','Con','2009-05-20','2100-01-01','Thường trú'),('025095502835','194','Con','2000-03-22','2100-01-01','Thường trú'),('025163314009','49','Vợ','1999-06-24','2100-01-01','Thường trú'),('025164408818','79','Vợ','2000-09-19','2100-01-01','Thường trú'),('025310256392','93','Chủ hộ','1965-02-02','2100-01-01','Thường trú'),('025477032415','167','Con','2011-11-15','2100-01-01','Thường trú'),('025491927148','94','Con','2010-09-18','2100-01-01','Thường trú'),('025598068774','77','Chủ hộ','1965-02-28','2100-01-01','Thường trú'),('025750253545','239','Con','2014-09-11','2100-01-01','Thường trú'),('025773560164','94','Con','2000-07-07','2100-01-01','Thường trú'),('025968360720','184','Vợ','1998-07-27','2100-01-01','Thường trú'),('026002895932','34','Con','2015-03-13','2100-01-01','Thường trú'),('026044033049','238','Con','2003-12-25','2100-01-01','Thường trú'),('026384851460','161','Chủ hộ','1960-08-03','2100-01-01','Thường trú'),('026458780367','154','Chủ hộ','1977-01-03','2100-01-01','Thường trú'),('026461160414','64','Con','2010-06-28','2100-01-01','Thường trú'),('026570884438','38','Con','2009-10-13','2100-01-01','Thường trú'),('026637775498','128','Con','2003-11-06','2100-01-01','Thường trú'),('026690387134','145','Con','2007-09-14','2100-01-01','Thường trú'),('026764473305','151','Con','2003-09-25','2100-01-01','Thường trú'),('026821641740','193','Chủ hộ','1970-10-19','2100-01-01','Thường trú'),('026831707166','40','Con','2006-08-13','2100-01-01','Thường trú'),('026842858814','77','Con','2015-12-09','2100-01-01','Thường trú'),('026894436859','169','Vợ','2000-06-09','2100-01-01','Thường trú'),('026983717353','237','Con','2009-10-05','2100-01-01','Thường trú'),('027007668591','129','Con','2010-10-23','2100-01-01','Thường trú'),('027079048585','210','Con','2005-08-09','2100-01-01','Thường trú'),('027129968005','165','Vợ','1999-02-21','2100-01-01','Thường trú'),('027156386371','39','Chủ hộ','1977-04-15','2100-01-01','Thường trú'),('027304543307','119','Con','2001-04-09','2100-01-01','Thường trú'),('027513400148','185','Chủ hộ','1978-09-23','2100-01-01','Thường trú'),('027558080198','222','Con','2001-05-13','2100-01-01','Thường trú'),('027614003708','51','Chủ hộ','1964-03-24','2100-01-01','Thường trú'),('027693012287','138','Con','2013-12-20','2100-01-01','Thường trú'),('027893756586','74','Chủ hộ','1960-09-18','2100-01-01','Thường trú'),('027928054614','132','Vợ','1999-10-24','2100-01-01','Thường trú'),('027945445226','52','Con','2006-08-14','2100-01-01','Thường trú'),('028136210537','108','Vợ','2000-02-12','2100-01-01','Thường trú'),('028249805703','62','Vợ','1999-09-15','2100-01-01','Thường trú'),('028258731347','241','Con','2013-04-22','2100-01-01','Thường trú'),('028304095923','17','Con','2008-02-19','2100-01-01','Thường trú'),('028435359904','225','Chủ hộ','1980-09-17','2100-01-01','Thường trú'),('028494856005','151','Vợ','1998-05-10','2100-01-01','Thường trú'),('028621147564','177','Con','2009-06-25','2100-01-01','Thường trú'),('028779281413','48','Vợ','1999-12-29','2100-01-01','Thường trú'),('028889537731','55','Con','2011-06-22','2100-01-01','Thường trú'),('028904404649','68','Con','2011-05-30','2100-01-01','Thường trú'),('028924635148','131','Vợ','1998-08-30','2100-01-01','Thường trú'),('028955282974','51','Con','2011-11-23','2100-01-01','Thường trú'),('029025397672','82','Con','2014-02-01','2100-01-01','Thường trú'),('029186286974','187','Con','2013-04-22','2100-01-01','Thường trú'),('029514375512','146','Vợ','1999-07-28','2100-01-01','Thường trú'),('029546130503','92','Con','2000-06-24','2100-01-01','Thường trú'),('029574104446','50','Con','2008-02-23','2100-01-01','Thường trú'),('029638609477','160','Con','2014-08-25','2100-01-01','Thường trú'),('029673875153','152','Con','2001-09-05','2100-01-01','Thường trú'),('029952753975','167','Con','2000-08-01','2100-01-01','Thường trú'),('030160611790','175','Con','2008-12-17','2100-01-01','Thường trú'),('030212346360','199','Con','2006-06-17','2100-01-01','Thường trú'),('030220947719','158','Chủ hộ','1970-01-05','2100-01-01','Thường trú'),('030305240469','163','Vợ','1998-01-18','2100-01-01','Thường trú'),('030439949439','67','Con','2002-03-23','2100-01-01','Thường trú'),('030528885709','110','Con','2014-01-15','2100-01-01','Thường trú'),('030629380679','30','Vợ','2000-12-10','2100-01-01','Thường trú'),('030710293790','176','Con','2012-10-10','2100-01-01','Thường trú'),('030791438117','42','Chủ hộ','1965-11-29','2100-01-01','Thường trú'),('030855760371','66','Chủ hộ','1975-09-04','2100-01-01','Thường trú'),('030946206581','201','Chủ hộ','1964-01-18','2100-01-01','Thường trú'),('031008137082','136','Chủ hộ','1967-06-16','2100-01-01','Thường trú'),('031067826093','140','Con','2015-01-13','2100-01-01','Thường trú'),('031110862785','194','Vợ','1999-03-24','2100-01-01','Thường trú'),('031156953987','14','Vợ','1999-07-07','2100-01-01','Thường trú'),('031266492177','181','Con','2001-05-16','2100-01-01','Thường trú'),('031420090862','84','Con','2009-03-08','2100-01-01','Thường trú'),('031424227644','82','Vợ','1998-06-23','2100-01-01','Thường trú'),('031464232873','227','Vợ','1999-05-27','2100-01-01','Thường trú'),('031923392301','243','Chủ hộ','1977-01-20','2100-01-01','Thường trú'),('032037707333','3','Con','2008-03-08','2100-01-01','Thường trú'),('032405838622','18','Con','2015-03-12','2100-01-01','Thường trú'),('032432638579','71','Chủ hộ','1964-08-10','2100-01-01','Thường trú'),('032570654532','39','Con','2003-10-20','2100-01-01','Thường trú'),('032709822939','183','Con','2014-01-22','2100-01-01','Thường trú'),('032804949823','106','Chủ hộ','1977-12-07','2100-01-01','Thường trú'),('032820238043','51','Vợ','1999-08-10','2100-01-01','Thường trú'),('032893623743','190','Chủ hộ','1970-03-06','2100-01-01','Thường trú'),('032944100275','48','Chủ hộ','1965-04-13','2100-01-01','Thường trú'),('033010846897','236','Con','2012-11-08','2100-01-01','Thường trú'),('033124858448','171','Chủ hộ','1964-11-23','2100-01-01','Thường trú'),('033153989004','184','Con','2011-01-17','2100-01-01','Thường trú'),('033177207482','147','Con','2011-11-16','2100-01-01','Thường trú'),('033192903320','157','Con','2002-10-05','2100-01-01','Thường trú'),('033306715750','1','Chủ hộ','1973-04-11','2100-01-01','Thường trú'),('033360985182','137','Con','2012-07-06','2100-01-01','Thường trú'),('033383707040','8','Con','2011-04-27','2100-01-01','Thường trú'),('033389105993','18','Con','2001-10-27','2100-01-01','Thường trú'),('033509580728','70','Vợ','1999-12-31','2100-01-01','Thường trú'),('033562557622','237','Chủ hộ','1969-07-08','2100-01-01','Thường trú'),('033678134890','221','Chủ hộ','1964-03-11','2100-01-01','Thường trú'),('033697923177','250','Chủ hộ','1961-01-23','2100-01-01','Thường trú'),('033805230454','32','Con','2002-03-13','2100-01-01','Thường trú'),('033819779039','148','Con','2003-06-16','2100-01-01','Thường trú'),('033861844324','205','Vợ','2000-08-30','2100-01-01','Thường trú'),('033942199775','249','Con','2013-12-31','2100-01-01','Thường trú'),('034013426643','28','Chủ hộ','1974-11-06','2100-01-01','Thường trú'),('034298961641','195','Con','2015-07-22','2100-01-01','Thường trú'),('034325856468','22','Chủ hộ','1967-11-25','2100-01-01','Thường trú'),('034332963246','41','Vợ','1999-12-09','2100-01-01','Thường trú'),('034437701655','196','Con','2003-10-12','2100-01-01','Thường trú'),('034515636260','182','Vợ','1999-12-09','2100-01-01','Thường trú'),('034527560472','107','Vợ','1999-12-17','2100-01-01','Thường trú'),('034647931392','220','Con','2003-07-02','2100-01-01','Thường trú'),('034650056778','100','Chủ hộ','1976-05-05','2100-01-01','Thường trú'),('034798488951','12','Vợ','2000-04-30','2100-01-01','Thường trú'),('034858835408','92','Vợ','1998-11-22','2100-01-01','Thường trú'),('034904538515','41','Con','2014-12-13','2100-01-01','Thường trú'),('034928109077','192','Con','2000-05-03','2100-01-01','Thường trú'),('034963361215','170','Chủ hộ','1964-03-12','2100-01-01','Thường trú'),('035229511676','217','Chủ hộ','1961-07-22','2100-01-01','Thường trú'),('035460459620','109','Vợ','1999-05-22','2100-01-01','Thường trú'),('035592618871','107','Chủ hộ','1972-03-15','2100-01-01','Thường trú'),('035630359477','78','Con','2014-10-26','2100-01-01','Thường trú'),('035644348299','22','Con','2001-06-14','2100-01-01','Thường trú'),('035663026920','89','Con','2005-01-16','2100-01-01','Thường trú'),('035689127520','61','Con','2012-01-01','2100-01-01','Thường trú'),('035790805596','115','Con','2014-03-04','2100-01-01','Thường trú'),('035795307195','86','Con','2002-04-01','2100-01-01','Thường trú'),('035802929339','135','Con','2006-10-24','2100-01-01','Thường trú'),('035850171566','50','Con','2012-09-22','2100-01-01','Thường trú'),('036103195733','230','Chủ hộ','1968-03-11','2100-01-01','Thường trú'),('036107578459','80','Chủ hộ','1963-07-27','2100-01-01','Thường trú'),('036371242364','61','Vợ','1999-11-11','2100-01-01','Thường trú'),('036410088318','73','Vợ','2000-06-19','2100-01-01','Thường trú'),('036411735971','32','Chủ hộ','1964-04-20','2100-01-01','Thường trú'),('036532105306','181','Con','2001-06-30','2100-01-01','Thường trú'),('036575088357','187','Chủ hộ','1963-09-15','2100-01-01','Thường trú'),('036632381919','104','Chủ hộ','1973-07-11','2100-01-01','Thường trú'),('036676514688','29','Chủ hộ','1978-04-08','2100-01-01','Thường trú'),('036694760238','196','Chủ hộ','1978-11-27','2100-01-01','Thường trú'),('036834016569','201','Con','2004-02-17','2100-01-01','Thường trú'),('036886337802','209','Vợ','1999-02-16','2100-01-01','Thường trú'),('037061037422','20','Con','2004-10-31','2100-01-01','Thường trú'),('037067348526','227','Chủ hộ','1979-05-15','2100-01-01','Thường trú'),('037283281033','65','Chủ hộ','1972-01-01','2100-01-01','Thường trú'),('037307463584','145','Vợ','1999-08-23','2100-01-01','Thường trú'),('037511825342','182','Con','2012-05-10','2100-01-01','Thường trú'),('037632551163','88','Vợ','2000-10-16','2100-01-01','Thường trú'),('037816809758','59','Con','2015-11-30','2100-01-01','Thường trú'),('038012742937','149','Vợ','1999-04-12','2100-01-01','Thường trú'),('038074014700','250','Con','2007-06-12','2100-01-01','Thường trú'),('038195463111','242','Chủ hộ','1972-06-20','2100-01-01','Thường trú'),('038224268619','163','Con','2006-11-12','2100-01-01','Thường trú'),('038235862817','243','Vợ','2000-09-15','2100-01-01','Thường trú'),('038297484624','205','Chủ hộ','1965-10-22','2100-01-01','Thường trú'),('038372762900','150','Con','2008-07-03','2100-01-01','Thường trú'),('038373237977','185','Con','2006-01-04','2100-01-01','Thường trú'),('038411939857','85','Con','2015-05-09','2100-01-01','Thường trú'),('038540646056','179','Vợ','1999-07-24','2100-01-01','Thường trú'),('038689113101','103','Vợ','1999-08-26','2100-01-01','Thường trú'),('038706626612','222','Vợ','1998-04-19','2100-01-01','Thường trú'),('039123765169','36','Con','2007-04-13','2100-01-01','Thường trú'),('039152867142','162','Con','2004-10-01','2100-01-01','Thường trú'),('039202114214','114','Con','2007-01-08','2100-01-01','Thường trú'),('039239709810','138','Vợ','1998-11-24','2100-01-01','Thường trú'),('039463480389','199','Chủ hộ','1978-01-25','2100-01-01','Thường trú'),('039621032304','20','Con','2015-08-23','2100-01-01','Thường trú'),('039718262214','132','Con','2015-11-19','2100-01-01','Thường trú'),('039748152989','10','Chủ hộ','1973-06-01','2100-01-01','Thường trú'),('039933907675','239','Vợ','1998-11-29','2100-01-01','Thường trú'),('040048646116','148','Con','2010-01-28','2100-01-01','Thường trú'),('040073962792','96','Vợ','1998-04-01','2100-01-01','Thường trú'),('040145478339','103','Con','2004-09-23','2100-01-01','Thường trú'),('040236973949','198','Chủ hộ','1964-03-27','2100-01-01','Thường trú'),('040360903404','91','Con','2008-06-12','2100-01-01','Thường trú'),('040533483097','137','Chủ hộ','1968-07-02','2100-01-01','Thường trú'),('040631202903','53','Vợ','1998-04-04','2100-01-01','Thường trú'),('040708249411','13','Chủ hộ','1972-09-30','2100-01-01','Thường trú'),('040831942893','212','Con','2001-10-24','2100-01-01','Thường trú'),('041086954344','229','Con','2012-11-26','2100-01-01','Thường trú'),('041105244370','240','Vợ','1999-07-21','2100-01-01','Thường trú'),('041145356087','198','Con','2004-02-03','2100-01-01','Thường trú'),('041164914647','98','Con','2010-04-11','2100-01-01','Thường trú'),('041192410025','112','Chủ hộ','1970-06-08','2100-01-01','Thường trú'),('041519878800','147','Con','2015-06-30','2100-01-01','Thường trú'),('041899027586','21','Con','2001-09-14','2100-01-01','Thường trú'),('041900421446','209','Chủ hộ','1967-12-29','2100-01-01','Thường trú'),('042060620425','39','Vợ','1999-05-23','2100-01-01','Thường trú'),('042099301513','127','Con','2001-09-15','2100-01-01','Thường trú'),('042236972132','141','Vợ','2000-02-07','2100-01-01','Thường trú'),('042413721384','6','Con','2011-02-10','2100-01-01','Thường trú'),('042502205610','134','Con','2009-11-23','2100-01-01','Thường trú'),('042658317289','205','Con','2005-08-19','2100-01-01','Thường trú'),('042720876290','102','Vợ','1999-06-01','2100-01-01','Thường trú'),('043073754331','62','Con','2011-05-09','2100-01-01','Thường trú'),('043124097671','65','Con','2006-12-02','2100-01-01','Thường trú'),('043332295604','118','Con','2008-03-06','2100-01-01','Thường trú'),('043340030772','48','Con','2009-05-13','2100-01-01','Thường trú'),('043341860812','27','Con','2005-07-25','2100-01-01','Thường trú'),('043404279020','8','Chủ hộ','1979-12-30','2100-01-01','Thường trú'),('043472213724','42','Con','2012-10-21','2100-01-01','Thường trú'),('043593150319','95','Con','2010-03-02','2100-01-01','Thường trú'),('043679449113','78','Chủ hộ','1964-08-22','2100-01-01','Thường trú'),('043762432262','1','Con','2008-07-04','2100-01-01','Thường trú'),('043876295147','25','Vợ','1998-11-19','2100-01-01','Thường trú'),('043978440553','215','Vợ','2000-10-22','2100-01-01','Thường trú'),('044039189526','87','Chủ hộ','1978-06-21','2100-01-01','Thường trú'),('044104311758','36','Con','2001-01-07','2100-01-01','Thường trú'),('044379748543','32','Con','2003-05-15','2100-01-01','Thường trú'),('044531858422','28','Con','2000-02-18','2100-01-01','Thường trú'),('044555481386','31','Con','2008-09-12','2100-01-01','Thường trú'),('044857174286','240','Chủ hộ','1964-06-22','2100-01-01','Thường trú'),('045094345653','95','Vợ','1999-09-04','2100-01-01','Thường trú'),('045186115786','157','Chủ hộ','1974-10-08','2100-01-01','Thường trú'),('045482602553','197','Vợ','1998-06-29','2100-01-01','Thường trú'),('045566854012','72','Chủ hộ','1962-12-09','2100-01-01','Thường trú'),('045819107935','212','Con','2005-01-02','2100-01-01','Thường trú'),('045862282992','202','Chủ hộ','1960-06-20','2100-01-01','Thường trú'),('045953863383','186','Con','2006-08-06','2100-01-01','Thường trú'),('045981831178','184','Con','2006-12-09','2100-01-01','Thường trú'),('046006675159','141','Con','2015-12-24','2100-01-01','Thường trú'),('046032732282','199','Con','2003-03-03','2100-01-01','Thường trú'),('046075721012','214','Vợ','1998-04-26','2100-01-01','Thường trú'),('046113617630','172','Con','2006-08-22','2100-01-01','Thường trú'),('046129624773','111','Vợ','1999-04-18','2100-01-01','Thường trú'),('046224345396','112','Con','2009-03-14','2100-01-01','Thường trú'),('046262615676','35','Con','2014-04-06','2100-01-01','Thường trú'),('046384160032','245','Con','2004-01-28','2100-01-01','Thường trú'),('046595872921','83','Con','2013-09-28','2100-01-01','Thường trú'),('046598135545','99','Con','2008-07-19','2100-01-01','Thường trú'),('046687794819','117','Con','2015-10-12','2100-01-01','Thường trú'),('046699261955','97','Vợ','2000-03-16','2100-01-01','Thường trú'),('046714138888','189','Con','2012-08-28','2100-01-01','Thường trú'),('046802631639','128','Chủ hộ','1969-04-06','2100-01-01','Thường trú'),('046823819451','173','Con','2005-01-16','2100-01-01','Thường trú'),('046867482180','55','Chủ hộ','1972-03-08','2100-01-01','Thường trú'),('046899449389','52','Chủ hộ','1967-05-08','2100-01-01','Thường trú'),('046930096545','176','Vợ','2000-02-11','2100-01-01','Thường trú'),('046950414687','246','Chủ hộ','1974-04-28','2100-01-01','Thường trú'),('047013775671','87','Vợ','2000-04-14','2100-01-01','Thường trú'),('047079412087','115','Vợ','1999-03-03','2100-01-01','Thường trú'),('047225143880','159','Vợ','2000-03-28','2100-01-01','Thường trú'),('047497488084','244','Con','2012-07-27','2100-01-01','Thường trú'),('047653713592','200','Vợ','1998-11-19','2100-01-01','Thường trú'),('047708656140','109','Chủ hộ','1976-02-10','2100-01-01','Thường trú'),('047724285560','218','Vợ','2000-04-14','2100-01-01','Thường trú'),('047940603227','231','Con','2012-08-08','2100-01-01','Thường trú'),('048362981549','122','Chủ hộ','1962-07-21','2100-01-01','Thường trú'),('048363729085','55','Con','2014-09-12','2100-01-01','Thường trú'),('048423297340','23','Vợ','1998-07-27','2100-01-01','Thường trú'),('048526342107','238','Chủ hộ','1978-11-01','2100-01-01','Thường trú'),('048619204360','192','Vợ','1998-08-28','2100-01-01','Thường trú'),('048625922536','234','Chủ hộ','1972-12-30','2100-01-01','Thường trú'),('048670312020','246','Con','2012-01-16','2100-01-01','Thường trú'),('048876912979','218','Con','2015-04-26','2100-01-01','Thường trú'),('048904096642','102','Con','2007-06-26','2100-01-01','Thường trú'),('048991909354','7','Chủ hộ','1974-07-01','2100-01-01','Thường trú'),('049011282361','49','Con','2002-03-30','2100-01-01','Thường trú'),('049098237637','226','Con','2013-02-02','2100-01-01','Thường trú'),('049099740833','244','Chủ hộ','1973-02-02','2100-01-01','Thường trú'),('049187547450','113','Con','2004-02-17','2100-01-01','Thường trú'),('049339901283','60','Vợ','1998-05-15','2100-01-01','Thường trú'),('049401595969','74','Vợ','1998-01-23','2100-01-01','Thường trú'),('049456918022','215','Chủ hộ','1980-10-08','2100-01-01','Thường trú'),('049585643496','185','Con','2015-08-01','2100-01-01','Thường trú'),('049735055308','44','Con','2011-08-20','2100-01-01','Thường trú'),('049921582241','52','Vợ','2000-05-03','2100-01-01','Thường trú'),('050212026131','79','Con','2010-03-17','2100-01-01','Thường trú'),('050228960731','12','Con','2005-03-12','2100-01-01','Thường trú'),('050247071116','70','Con','2000-09-03','2100-01-01','Thường trú'),('050349142706','133','Con','2009-08-14','2100-01-01','Thường trú'),('050397317477','172','Chủ hộ','1965-01-22','2100-01-01','Thường trú'),('050467199481','76','Vợ','1999-01-02','2100-01-01','Thường trú'),('050482916927','198','Con','2005-01-17','2100-01-01','Thường trú'),('050585506789','3','Con','2011-07-23','2100-01-01','Thường trú'),('050681298867','104','Vợ','2000-09-08','2100-01-01','Thường trú'),('050991614116','121','Vợ','1998-08-14','2100-01-01','Thường trú'),('051031267031','197','Chủ hộ','1970-07-15','2100-01-01','Thường trú'),('051066856539','72','Con','2008-07-07','2100-01-01','Thường trú'),('051075455463','31','Vợ','1999-05-11','2100-01-01','Thường trú'),('051204751851','181','Chủ hộ','1975-08-20','2100-01-01','Thường trú'),('051265461339','95','Chủ hộ','1964-10-30','2100-01-01','Thường trú'),('051270288047','147','Chủ hộ','1977-03-20','2100-01-01','Thường trú'),('051313539141','148','Chủ hộ','1962-04-17','2100-01-01','Thường trú'),('051359761472','248','Con','2010-01-14','2100-01-01','Thường trú'),('051444380470','212','Vợ','1998-03-06','2100-01-01','Thường trú'),('051459976023','208','Con','2010-08-13','2100-01-01','Thường trú'),('051614314289','123','Con','2015-04-30','2100-01-01','Thường trú'),('051721135193','203','Con','2004-09-27','2100-01-01','Thường trú'),('051735677772','115','Con','2008-08-08','2100-01-01','Thường trú'),('051793991498','235','Chủ hộ','1971-06-28','2100-01-01','Thường trú'),('051943862631','64','Con','2009-07-01','2100-01-01','Thường trú'),('051976402328','53','Chủ hộ','1970-12-13','2100-01-01','Thường trú'),('052156521722','135','Vợ','2000-03-31','2100-01-01','Thường trú'),('052200724577','47','Con','2010-01-24','2100-01-01','Thường trú'),('052282941092','213','Vợ','2000-04-25','2100-01-01','Thường trú'),('052440511806','249','Chủ hộ','1976-10-28','2100-01-01','Thường trú'),('052720042108','58','Con','2011-06-07','2100-01-01','Thường trú'),('052767989985','131','Con','2001-02-22','2100-01-01','Thường trú'),('052811660080','26','Vợ','1999-03-26','2100-01-01','Thường trú'),('052861640573','203','Vợ','1998-02-15','2100-01-01','Thường trú'),('052915607814','35','Con','2009-11-10','2100-01-01','Thường trú'),('052945259160','82','Chủ hộ','1966-11-23','2100-01-01','Thường trú'),('053302645946','213','Con','2002-06-18','2100-01-01','Thường trú'),('053568201287','136','Con','2005-09-07','2100-01-01','Thường trú'),('053654821470','67','Vợ','1999-12-08','2100-01-01','Thường trú'),('053655675158','171','Con','2002-01-20','2100-01-01','Thường trú'),('053674266610','225','Con','2010-07-25','2100-01-01','Thường trú'),('053930541151','74','Con','2008-05-30','2100-01-01','Thường trú'),('053977528100','168','Con','2003-12-30','2100-01-01','Thường trú'),('054113154236','80','Con','2004-03-19','2100-01-01','Thường trú'),('054331346838','248','Vợ','2000-04-08','2100-01-01','Thường trú'),('054411747519','187','Con','2010-03-06','2100-01-01','Thường trú'),('054591391061','152','Con','2002-10-06','2100-01-01','Thường trú'),('054757755654','73','Chủ hộ','1966-03-05','2100-01-01','Thường trú'),('054802106050','146','Chủ hộ','1970-06-30','2100-01-01','Thường trú'),('054861111807','119','Con','2001-09-20','2100-01-01','Thường trú'),('054885233032','188','Con','2009-03-05','2100-01-01','Thường trú'),('054904272766','104','Con','2000-09-17','2100-01-01','Thường trú'),('054975152869','60','Chủ hộ','1963-12-26','2100-01-01','Thường trú'),('054978463844','129','Vợ','2000-07-13','2100-01-01','Thường trú'),('055049439670','172','Vợ','1998-09-04','2100-01-01','Thường trú'),('055099379456','55','Vợ','1999-11-18','2100-01-01','Thường trú'),('055256155101','135','Chủ hộ','1963-06-04','2100-01-01','Thường trú'),('055336931572','152','Vợ','2000-08-04','2100-01-01','Thường trú'),('055349631317','193','Vợ','1999-01-26','2100-01-01','Thường trú'),('055483244285','33','Chủ hộ','1980-03-24','2100-01-01','Thường trú'),('055525419193','221','Con','2011-04-24','2100-01-01','Thường trú'),('055662069558','230','Con','2009-03-24','2100-01-01','Thường trú'),('055760366393','217','Con','2003-05-14','2100-01-01','Thường trú'),('055928377128','100','Con','2015-05-09','2100-01-01','Thường trú'),('055969521984','14','Con','2001-10-08','2100-01-01','Thường trú'),('055984702129','31','Con','2014-06-10','2100-01-01','Thường trú'),('056053017522','122','Con','2010-06-12','2100-01-01','Thường trú'),('056171982180','190','Con','2001-01-12','2100-01-01','Thường trú'),('056318346555','76','Chủ hộ','1968-09-04','2100-01-01','Thường trú'),('056484984070','178','Con','2012-07-24','2100-01-01','Thường trú'),('056866413026','231','Chủ hộ','1972-10-14','2100-01-01','Thường trú'),('056924260317','114','Chủ hộ','1964-05-08','2100-01-01','Thường trú'),('057085609159','67','Chủ hộ','1961-01-31','2100-01-01','Thường trú'),('057178121958','232','Chủ hộ','1975-03-25','2100-01-01','Thường trú'),('057320235606','229','Vợ','2000-04-18','2100-01-01','Thường trú'),('057418241343','25','Chủ hộ','1964-12-06','2100-01-01','Thường trú'),('057637922709','73','Con','2011-12-10','2100-01-01','Thường trú'),('057716457402','123','Con','2001-09-18','2100-01-01','Thường trú'),('058068769337','54','Chủ hộ','1976-02-23','2100-01-01','Thường trú'),('058230052222','30','Con','2014-10-19','2100-01-01','Thường trú'),('058302387474','124','Vợ','2000-09-12','2100-01-01','Thường trú'),('058304367932','9','Con','2010-04-22','2100-01-01','Thường trú'),('058305386517','223','Vợ','1998-06-08','2100-01-01','Thường trú'),('058308507968','46','Con','2015-08-18','2100-01-01','Thường trú'),('058402067980','153','Con','2004-02-17','2100-01-01','Thường trú'),('058571345882','175','Vợ','2000-02-27','2100-01-01','Thường trú'),('058588482366','159','Chủ hộ','1971-01-08','2100-01-01','Thường trú'),('058759071803','44','Vợ','1998-08-26','2100-01-01','Thường trú'),('059002523580','46','Con','2004-06-27','2100-01-01','Thường trú'),('059110462445','200','Con','2010-08-13','2100-01-01','Thường trú'),('059382694554','13','Vợ','1999-09-16','2100-01-01','Thường trú'),('059428912955','137','Vợ','1999-04-26','2100-01-01','Thường trú'),('059586607587','159','Con','2015-05-20','2100-01-01','Thường trú'),('059655025134','163','Con','2000-04-06','2100-01-01','Thường trú'),('059665935837','15','Con','2001-01-08','2100-01-01','Thường trú'),('059846573479','153','Chủ hộ','1975-10-01','2100-01-01','Thường trú'),('060042835765','57','Chủ hộ','1978-03-26','2100-01-01','Thường trú'),('060054814318','101','Chủ hộ','1980-04-20','2100-01-01','Thường trú'),('060082611828','19','Con','2006-09-14','2100-01-01','Thường trú'),('060304619812','111','Con','2011-11-04','2100-01-01','Thường trú'),('060357191794','156','Chủ hộ','1980-04-28','2100-01-01','Thường trú'),('060387710995','34','Con','2004-12-05','2100-01-01','Thường trú'),('060795516070','138','Con','2010-04-25','2100-01-01','Thường trú'),('061103651897','98','Vợ','1999-10-29','2100-01-01','Thường trú'),('061129500076','68','Vợ','1998-10-19','2100-01-01','Thường trú'),('061146158420','36','Chủ hộ','1979-03-17','2100-01-01','Thường trú'),('061159727372','37','Chủ hộ','1972-01-03','2100-01-01','Thường trú'),('061174973892','211','Con','2010-01-08','2100-01-01','Thường trú'),('061232089385','72','Vợ','1999-11-30','2100-01-01','Thường trú'),('061241358755','34','Vợ','1998-08-17','2100-01-01','Thường trú'),('061392394909','89','Con','2003-05-29','2100-01-01','Thường trú'),('061396599569','53','Con','2003-04-23','2100-01-01','Thường trú'),('061535194818','78','Con','2003-08-10','2100-01-01','Thường trú'),('061577040646','29','Con','2015-07-29','2100-01-01','Thường trú'),('061585739407','133','Chủ hộ','1978-09-25','2100-01-01','Thường trú'),('061624419799','139','Con','2003-05-19','2100-01-01','Thường trú'),('061627481731','177','Con','2003-06-05','2100-01-01','Thường trú'),('061846891061','47','Con','2002-07-09','2100-01-01','Thường trú'),('061966624447','143','Chủ hộ','1969-06-30','2100-01-01','Thường trú'),('062014045935','99','Con','2003-01-09','2100-01-01','Thường trú'),('062053487258','183','Vợ','1999-05-12','2100-01-01','Thường trú'),('062057724337','18','Vợ','1999-07-17','2100-01-01','Thường trú'),('062181892845','173','Vợ','1999-05-04','2100-01-01','Thường trú'),('062317197761','71','Con','2012-09-08','2100-01-01','Thường trú'),('062337847796','228','Vợ','2000-05-21','2100-01-01','Thường trú'),('062444252053','207','Chủ hộ','1964-08-12','2100-01-01','Thường trú'),('062778549801','91','Vợ','2000-08-21','2100-01-01','Thường trú'),('062825816549','211','Chủ hộ','1962-11-03','2100-01-01','Thường trú'),('062899578720','81','Vợ','2000-06-09','2100-01-01','Thường trú'),('062902505200','167','Chủ hộ','1960-02-16','2100-01-01','Thường trú'),('062907595528','135','Con','2010-10-12','2100-01-01','Thường trú'),('063048880981','194','Chủ hộ','1962-01-31','2100-01-01','Thường trú'),('063115203959','155','Con','2015-05-16','2100-01-01','Thường trú'),('063128307656','63','Con','2012-08-06','2100-01-01','Thường trú'),('063132046086','2','Con','2014-09-12','2100-01-01','Thường trú'),('063167060291','187','Vợ','1998-03-25','2100-01-01','Thường trú'),('063286004575','142','Chủ hộ','1966-11-07','2100-01-01','Thường trú'),('063302720677','18','Chủ hộ','1978-02-27','2100-01-01','Thường trú'),('063405070688','215','Con','2014-09-02','2100-01-01','Thường trú'),('063496675577','238','Vợ','1998-12-03','2100-01-01','Thường trú'),('063550548308','145','Chủ hộ','1975-03-14','2100-01-01','Thường trú'),('063636198839','149','Con','2006-04-04','2100-01-01','Thường trú'),('063687893509','119','Chủ hộ','1979-03-08','2100-01-01','Thường trú'),('063731981508','236','Chủ hộ','1960-08-29','2100-01-01','Thường trú'),('063802049361','230','Vợ','1999-11-01','2100-01-01','Thường trú'),('063820531033','155','Chủ hộ','1960-07-06','2100-01-01','Thường trú'),('063900323170','15','Chủ hộ','1963-12-23','2100-01-01','Thường trú'),('063935193380','38','Vợ','2000-06-03','2100-01-01','Thường trú'),('063976217094','35','Chủ hộ','1974-09-04','2100-01-01','Thường trú'),('064044969553','159','Con','2001-08-15','2100-01-01','Thường trú'),('064047131692','195','Vợ','1999-10-12','2100-01-01','Thường trú'),('064145201325','164','Con','2000-11-19','2100-01-01','Thường trú'),('064737083524','143','Vợ','1999-04-29','2100-01-01','Thường trú'),('064900204593','174','Vợ','2000-04-27','2100-01-01','Thường trú'),('064951780570','134','Con','2011-07-15','2100-01-01','Thường trú'),('065158242650','232','Vợ','1999-12-07','2100-01-01','Thường trú'),('065194116810','137','Con','2000-07-17','2100-01-01','Thường trú'),('065196758907','223','Con','2004-11-17','2100-01-01','Thường trú'),('065251167258','123','Chủ hộ','1978-11-18','2100-01-01','Thường trú'),('065371977989','7','Con','2013-04-23','2100-01-01','Thường trú'),('065909910238','185','Vợ','1998-11-23','2100-01-01','Thường trú'),('065947809589','105','Chủ hộ','1979-11-25','2100-01-01','Thường trú'),('066004308402','214','Con','2009-06-23','2100-01-01','Thường trú'),('066109076045','70','Chủ hộ','1976-11-25','2100-01-01','Thường trú'),('066244730312','90','Con','2012-05-14','2100-01-01','Thường trú'),('066382169591','28','Con','2007-01-02','2100-01-01','Thường trú'),('066393356472','152','Chủ hộ','1969-09-13','2100-01-01','Thường trú'),('066463231706','56','Con','2001-12-05','2100-01-01','Thường trú'),('066560431179','17','Con','2014-11-30','2100-01-01','Thường trú'),('066947502974','13','Con','2014-03-01','2100-01-01','Thường trú'),('066951220442','27','Con','2005-12-26','2100-01-01','Thường trú'),('067001070001','2','Chủ hộ','1966-06-26','2100-01-01','Thường trú'),('067118052883','227','Con','2000-05-09','2100-01-01','Thường trú'),('067119031323','203','Con','2001-01-02','2100-01-01','Thường trú'),('067142796621','117','Chủ hộ','1964-03-28','2100-01-01','Thường trú'),('067224977895','54','Vợ','2000-11-07','2100-01-01','Thường trú'),('067225278229','188','Con','2003-02-03','2100-01-01','Thường trú'),('067335623262','191','Chủ hộ','1977-09-29','2100-01-01','Thường trú'),('067347466270','78','Vợ','2000-09-25','2100-01-01','Thường trú'),('067351500069','93','Con','2009-08-13','2100-01-01','Thường trú'),('067498665587','13','Con','2001-08-03','2100-01-01','Thường trú'),('067555324058','240','Con','2011-07-02','2100-01-01','Thường trú'),('067609046732','140','Chủ hộ','1965-01-03','2100-01-01','Thường trú'),('067741094118','176','Chủ hộ','1978-06-23','2100-01-01','Thường trú'),('067913692888','158','Con','2009-03-19','2100-01-01','Thường trú'),('068009197033','170','Con','2003-05-31','2100-01-01','Thường trú'),('068184484937','195','Chủ hộ','1979-12-21','2100-01-01','Thường trú'),('068193003233','131','Chủ hộ','1970-12-28','2100-01-01','Thường trú'),('068227428034','104','Con','2011-05-12','2100-01-01','Thường trú'),('068320026354','92','Con','2014-04-11','2100-01-01','Thường trú'),('068322231380','204','Chủ hộ','1961-07-20','2100-01-01','Thường trú'),('068369460105','94','Vợ','1998-08-16','2100-01-01','Thường trú'),('068759313417','9','Con','2013-09-20','2100-01-01','Thường trú'),('068892047417','43','Chủ hộ','1960-11-29','2100-01-01','Thường trú'),('068975397821','74','Con','2002-04-22','2100-01-01','Thường trú'),('069073525446','183','Con','2004-05-02','2100-01-01','Thường trú'),('069187687593','210','Con','2008-12-13','2100-01-01','Thường trú'),('069303912348','189','Con','2000-05-24','2100-01-01','Thường trú'),('069325822908','201','Vợ','1998-09-23','2100-01-01','Thường trú'),('069366602078','7','Vợ','2000-01-14','2100-01-01','Thường trú'),('069468120147','107','Con','2013-02-03','2100-01-01','Thường trú'),('069713437501','233','Con','2010-09-11','2100-01-01','Thường trú'),('069778472299','237','Vợ','1999-03-15','2100-01-01','Thường trú'),('069781437187','130','Vợ','1998-05-27','2100-01-01','Thường trú'),('069850619527','87','Con','2007-12-20','2100-01-01','Thường trú'),('069876867096','133','Vợ','1999-05-16','2100-01-01','Thường trú'),('070002775601','1','Con','2005-12-03','2100-01-01','Thường trú'),('070042083609','234','Vợ','1998-09-25','2100-01-01','Thường trú'),('070106370966','120','Vợ','1998-05-31','2100-01-01','Thường trú'),('070401894262','235','Con','2015-01-13','2100-01-01','Thường trú'),('070505839985','126','Con','2015-03-29','2100-01-01','Thường trú'),('070598666304','213','Con','2003-11-21','2100-01-01','Thường trú'),('070669114707','93','Con','2010-04-06','2100-01-01','Thường trú'),('070854654250','10','Vợ','2000-03-31','2100-01-01','Thường trú'),('070892912780','161','Vợ','1999-03-01','2100-01-01','Thường trú'),('071029595064','151','Con','2014-12-21','2100-01-01','Thường trú'),('071055086736','245','Con','2002-08-28','2100-01-01','Thường trú'),('071083206214','90','Vợ','1998-11-12','2100-01-01','Thường trú'),('071088287608','68','Chủ hộ','1963-03-31','2100-01-01','Thường trú'),('071116549231','180','Chủ hộ','1960-03-26','2100-01-01','Thường trú'),('071492873582','59','Vợ','1998-06-05','2100-01-01','Thường trú'),('071788524708','188','Chủ hộ','1978-04-06','2100-01-01','Thường trú'),('071822511667','205','Con','2000-09-18','2100-01-01','Thường trú'),('071835885418','223','Chủ hộ','1978-05-04','2100-01-01','Thường trú'),('071860473456','165','Con','2001-04-29','2100-01-01','Thường trú'),('071985217652','168','Vợ','1998-10-06','2100-01-01','Thường trú'),('072155153456','89','Vợ','1998-01-14','2100-01-01','Thường trú'),('072358522054','97','Chủ hộ','1969-02-01','2100-01-01','Thường trú'),('072454733941','244','Vợ','2000-05-08','2100-01-01','Thường trú'),('072734962504','89','Chủ hộ','1961-04-06','2100-01-01','Thường trú'),('072837137189','129','Con','2005-10-09','2100-01-01','Thường trú'),('073104845049','48','Con','2013-03-01','2100-01-01','Thường trú'),('073223258339','193','Con','2015-07-03','2100-01-01','Thường trú'),('073275001337','144','Con','2008-11-16','2100-01-01','Thường trú'),('073288792280','85','Chủ hộ','1966-09-08','2100-01-01','Thường trú'),('073366636417','120','Con','2000-03-22','2100-01-01','Thường trú'),('073374820918','106','Con','2013-06-21','2100-01-01','Thường trú'),('073502440771','202','Con','2012-02-05','2100-01-01','Thường trú'),('073797117436','207','Con','2008-09-04','2100-01-01','Thường trú'),('073999099890','156','Vợ','2000-12-28','2100-01-01','Thường trú'),('074058839827','116','Vợ','1998-04-14','2100-01-01','Thường trú'),('074060848485','2','Vợ','2000-12-23','2100-01-01','Thường trú'),('074129830074','241','Con','2010-08-01','2100-01-01','Thường trú'),('074378489310','181','Vợ','1999-09-12','2100-01-01','Thường trú'),('074412382297','190','Vợ','2000-02-19','2100-01-01','Thường trú'),('074418751637','117','Con','2003-05-30','2100-01-01','Thường trú'),('074526666477','81','Con','2005-12-22','2100-01-01','Thường trú'),('074625251393','184','Chủ hộ','1965-08-10','2100-01-01','Thường trú'),('074840313284','210','Chủ hộ','1973-08-12','2100-01-01','Thường trú'),('075101514396','25','Con','2010-05-03','2100-01-01','Thường trú'),('075193099137','249','Vợ','1998-01-02','2100-01-01','Thường trú'),('075278192909','228','Con','2009-10-21','2100-01-01','Thường trú'),('075419126541','59','Chủ hộ','1964-03-15','2100-01-01','Thường trú'),('075484408648','125','Con','2009-10-26','2100-01-01','Thường trú'),('075853103581','108','Con','2002-03-29','2100-01-01','Thường trú'),('075884140470','206','Con','2014-06-21','2100-01-01','Thường trú'),('076134267539','142','Vợ','1998-11-26','2100-01-01','Thường trú'),('076309141127','96','Con','2014-11-20','2100-01-01','Thường trú'),('076788212526','6','Chủ hộ','1976-06-02','2100-01-01','Thường trú'),('076817383733','142','Con','2007-01-03','2100-01-01','Thường trú'),('076821555983','211','Vợ','1998-03-03','2100-01-01','Thường trú'),('076851114387','50','Vợ','1998-11-07','2100-01-01','Thường trú'),('077071473176','19','Con','2012-05-21','2100-01-01','Thường trú'),('077127153592','2','Con','2008-07-26','2100-01-01','Thường trú'),('077272178889','156','Con','2003-01-17','2100-01-01','Thường trú'),('077526805700','73','Con','2005-06-06','2100-01-01','Thường trú'),('077666605131','139','Vợ','2000-08-27','2100-01-01','Thường trú'),('077755637349','32','Vợ','2000-12-05','2100-01-01','Thường trú'),('077888081889','70','Con','2014-10-27','2100-01-01','Thường trú'),('078075751081','56','Con','2005-04-13','2100-01-01','Thường trú'),('078115477570','171','Con','2000-04-24','2100-01-01','Thường trú'),('078317270466','132','Chủ hộ','1969-08-18','2100-01-01','Thường trú'),('078332306461','16','Chủ hộ','1973-06-26','2100-01-01','Thường trú'),('078374276232','174','Con','2003-06-11','2100-01-01','Thường trú'),('078379709749','127','Con','2005-01-09','2100-01-01','Thường trú'),('078783120793','204','Con','2010-11-19','2100-01-01','Thường trú'),('079078163032','97','Con','2002-01-04','2100-01-01','Thường trú'),('079230120946','58','Vợ','2000-02-05','2100-01-01','Thường trú'),('079258639444','179','Con','2005-03-16','2100-01-01','Thường trú'),('079288305069','169','Con','2013-02-27','2100-01-01','Thường trú'),('079331343796','4','Chủ hộ','1976-03-12','2100-01-01','Thường trú'),('079336574518','211','Con','2012-02-24','2100-01-01','Thường trú'),('079426857175','242','Vợ','1998-09-22','2100-01-01','Thường trú'),('079444861856','22','Vợ','1998-05-14','2100-01-01','Thường trú'),('079476596574','5','Con','2001-05-20','2100-01-01','Thường trú'),('079547122709','83','Con','2003-07-11','2100-01-01','Thường trú'),('079713528177','45','Con','2000-12-17','2100-01-01','Thường trú'),('079746069212','1','Vợ','1999-02-23','2100-01-01','Thường trú'),('079888182091','63','Con','2014-04-24','2100-01-01','Thường trú'),('080060591631','154','Vợ','2000-10-13','2100-01-01','Thường trú'),('080238062026','40','Con','2006-06-17','2100-01-01','Thường trú'),('080411530996','101','Con','2010-09-02','2100-01-01','Thường trú'),('080422836094','196','Vợ','1998-03-20','2100-01-01','Thường trú'),('080536082273','17','Vợ','1999-08-16','2100-01-01','Thường trú'),('080725078474','69','Con','2002-10-13','2100-01-01','Thường trú'),('080871911387','99','Chủ hộ','1975-11-13','2100-01-01','Thường trú'),('080893966247','65','Con','2015-12-01','2100-01-01','Thường trú'),('080963034916','75','Con','2009-08-18','2100-01-01','Thường trú'),('081084793755','76','Con','2000-07-15','2100-01-01','Thường trú'),('081196551743','173','Chủ hộ','1976-11-02','2100-01-01','Thường trú'),('081199256428','141','Con','2004-09-07','2100-01-01','Thường trú'),('081352604791','229','Chủ hộ','1979-06-03','2100-01-01','Thường trú'),('081602450993','58','Con','2001-08-24','2100-01-01','Thường trú'),('081611016123','30','Chủ hộ','1966-06-18','2100-01-01','Thường trú'),('081683839835','235','Vợ','1998-09-09','2100-01-01','Thường trú'),('081945306779','202','Vợ','1998-04-26','2100-01-01','Thường trú'),('081952244391','155','Vợ','2000-02-01','2100-01-01','Thường trú'),('081958076037','224','Vợ','1998-11-04','2100-01-01','Thường trú'),('081960903130','82','Con','2011-07-02','2100-01-01','Thường trú'),('082031060150','125','Con','2001-09-09','2100-01-01','Thường trú'),('082034300868','25','Con','2010-10-12','2100-01-01','Thường trú'),('082057261297','230','Con','2000-10-27','2100-01-01','Thường trú'),('082096588171','10','Con','2007-02-23','2100-01-01','Thường trú'),('082103999630','134','Chủ hộ','1974-08-08','2100-01-01','Thường trú'),('082203397429','139','Con','2009-09-28','2100-01-01','Thường trú'),('082210792369','203','Chủ hộ','1973-11-03','2100-01-01','Thường trú'),('082360305731','60','Con','2010-07-21','2100-01-01','Thường trú'),('082458249919','109','Con','2010-02-05','2100-01-01','Thường trú'),('082495226963','8','Vợ','2000-11-23','2100-01-01','Thường trú'),('082530771834','192','Chủ hộ','1980-06-29','2100-01-01','Thường trú'),('082805144705','158','Con','2004-01-08','2100-01-01','Thường trú'),('082925677656','157','Con','2000-07-12','2100-01-01','Thường trú'),('082969267948','64','Chủ hộ','1979-03-30','2100-01-01','Thường trú'),('083213507178','90','Chủ hộ','1969-07-17','2100-01-01','Thường trú'),('083259082819','215','Con','2008-06-12','2100-01-01','Thường trú'),('083277469722','47','Chủ hộ','1965-10-06','2100-01-01','Thường trú'),('083343808531','217','Con','2006-11-25','2100-01-01','Thường trú'),('083344801636','40','Vợ','2000-04-05','2100-01-01','Thường trú'),('083396885103','189','Vợ','1998-12-20','2100-01-01','Thường trú'),('083487393052','204','Con','2013-03-02','2100-01-01','Thường trú'),('083566865051','37','Con','2012-05-29','2100-01-01','Thường trú'),('083683519099','149','Chủ hộ','1962-02-15','2100-01-01','Thường trú'),('083708718198','175','Chủ hộ','1974-09-14','2100-01-01','Thường trú'),('083715213746','176','Con','2003-09-15','2100-01-01','Thường trú'),('083988883386','80','Vợ','2000-03-19','2100-01-01','Thường trú'),('084224609855','226','Con','2010-11-27','2100-01-01','Thường trú'),('084390607105','141','Chủ hộ','1973-01-20','2100-01-01','Thường trú'),('084599407260','186','Vợ','1998-11-12','2100-01-01','Thường trú'),('084727728089','235','Con','2012-05-24','2100-01-01','Thường trú'),('084887592240','130','Con','2009-04-04','2100-01-01','Thường trú'),('085082553061','116','Con','2012-11-07','2100-01-01','Thường trú'),('085107808859','226','Chủ hộ','1978-08-16','2100-01-01','Thường trú'),('085219282753','86','Chủ hộ','1979-10-20','2100-01-01','Thường trú'),('085224589427','75','Vợ','1998-05-06','2100-01-01','Thường trú'),('085290335979','63','Vợ','2000-07-12','2100-01-01','Thường trú'),('085442602709','146','Con','2012-07-24','2100-01-01','Thường trú'),('085564051317','8','Con','2011-03-05','2100-01-01','Thường trú'),('085610316047','80','Con','2012-03-08','2100-01-01','Thường trú'),('085773324276','71','Con','2002-05-16','2100-01-01','Thường trú'),('085820766481','224','Con','2001-09-25','2100-01-01','Thường trú'),('085931487467','154','Con','2015-08-14','2100-01-01','Thường trú'),('085979498062','198','Vợ','1998-08-18','2100-01-01','Thường trú'),('085986281567','143','Con','2002-01-29','2100-01-01','Thường trú'),('086037519700','236','Vợ','2000-12-02','2100-01-01','Thường trú'),('086088063294','9','Vợ','1999-07-29','2100-01-01','Thường trú'),('086275915265','206','Vợ','2000-01-24','2100-01-01','Thường trú'),('086813294260','142','Con','2000-05-07','2100-01-01','Thường trú'),('086833893925','21','Con','2000-01-06','2100-01-01','Thường trú'),('086865384847','111','Chủ hộ','1961-09-26','2100-01-01','Thường trú'),('086899227658','243','Con','2006-10-18','2100-01-01','Thường trú'),('087126553043','196','Con','2003-12-16','2100-01-01','Thường trú'),('087641329646','67','Con','2006-01-12','2100-01-01','Thường trú'),('087783369965','101','Vợ','1998-12-22','2100-01-01','Thường trú'),('087940896961','189','Chủ hộ','1964-11-14','2100-01-01','Thường trú'),('087967595444','47','Vợ','1999-11-05','2100-01-01','Thường trú'),('087997774085','54','Con','2011-02-11','2100-01-01','Thường trú'),('088132898778','247','Con','2012-09-14','2100-01-01','Thường trú'),('088189222979','105','Con','2008-11-14','2100-01-01','Thường trú'),('088274982449','56','Chủ hộ','1977-02-16','2100-01-01','Thường trú'),('088323906882','122','Con','2001-07-18','2100-01-01','Thường trú'),('088386655931','100','Con','2000-08-08','2100-01-01','Thường trú'),('088403366920','153','Vợ','1998-09-06','2100-01-01','Thường trú'),('088586156258','86','Con','2000-06-29','2100-01-01','Thường trú'),('088644050525','44','Con','2010-06-16','2100-01-01','Thường trú'),('088733886336','247','Vợ','1999-12-12','2100-01-01','Thường trú'),('088820190005','163','Chủ hộ','1967-01-01','2100-01-01','Thường trú'),('088930050242','134','Vợ','1999-08-08','2100-01-01','Thường trú'),('088979737839','42','Con','2012-06-25','2100-01-01','Thường trú'),('088993330744','24','Con','2008-04-29','2100-01-01','Thường trú'),('089040857198','66','Con','2013-02-18','2100-01-01','Thường trú'),('089077158515','88','Chủ hộ','1975-02-04','2100-01-01','Thường trú'),('089206704135','194','Con','2008-05-12','2100-01-01','Thường trú'),('089268471438','245','Chủ hộ','1975-06-28','2100-01-01','Thường trú'),('089294790025','23','Con','2008-03-27','2100-01-01','Thường trú'),('089322126868','121','Con','2002-05-28','2100-01-01','Thường trú'),('089332117132','247','Chủ hộ','1963-03-25','2100-01-01','Thường trú'),('089531531741','207','Vợ','1998-09-18','2100-01-01','Thường trú'),('089596143699','227','Con','2004-03-12','2100-01-01','Thường trú'),('089712227928','96','Chủ hộ','1962-07-18','2100-01-01','Thường trú'),('089824385999','232','Con','2013-04-03','2100-01-01','Thường trú'),('089860237471','45','Chủ hộ','1962-02-12','2100-01-01','Thường trú'),('089936231750','113','Vợ','1999-07-28','2100-01-01','Thường trú'),('090032291270','160','Vợ','2000-03-01','2100-01-01','Thường trú'),('090080455260','43','Con','2005-03-25','2100-01-01','Thường trú'),('090080615510','241','Chủ hộ','1976-08-29','2100-01-01','Thường trú'),('090121876641','180','Con','2013-07-16','2100-01-01','Thường trú'),('090140676713','219','Chủ hộ','1965-06-12','2100-01-01','Thường trú'),('090142974990','115','Chủ hộ','1980-03-28','2100-01-01','Thường trú'),('090209182460','49','Con','2005-07-07','2100-01-01','Thường trú'),('090305336796','6','Con','2004-05-15','2100-01-01','Thường trú'),('090433739813','122','Vợ','1998-03-15','2100-01-01','Thường trú'),('090470139751','69','Con','2004-11-09','2100-01-01','Thường trú'),('090543365359','136','Vợ','1999-05-16','2100-01-01','Thường trú'),('090683648003','217','Vợ','1998-01-16','2100-01-01','Thường trú'),('090764727611','51','Con','2002-07-12','2100-01-01','Thường trú'),('090917449155','116','Chủ hộ','1966-02-27','2100-01-01','Thường trú'),('091088988789','126','Con','2006-03-28','2100-01-01','Thường trú'),('091112420614','192','Con','2010-08-10','2100-01-01','Thường trú'),('091194104265','106','Vợ','1998-03-09','2100-01-01','Thường trú'),('091469687290','150','Chủ hộ','1969-04-27','2100-01-01','Thường trú'),('091485221554','168','Con','2014-11-28','2100-01-01','Thường trú'),('091631568176','237','Con','2009-01-24','2100-01-01','Thường trú'),('091677307449','180','Con','2010-07-16','2100-01-01','Thường trú'),('091759663489','40','Chủ hộ','1980-01-03','2100-01-01','Thường trú'),('091918234842','96','Con','2001-10-23','2100-01-01','Thường trú'),('092108737571','139','Chủ hộ','1964-01-14','2100-01-01','Thường trú'),('092204824336','244','Con','2012-07-01','2100-01-01','Thường trú'),('092315624092','199','Vợ','1998-12-28','2100-01-01','Thường trú'),('092386492541','102','Chủ hộ','1967-04-14','2100-01-01','Thường trú'),('092509185230','154','Con','2014-02-25','2100-01-01','Thường trú'),('093020971339','182','Chủ hộ','1960-11-08','2100-01-01','Thường trú'),('093021283935','245','Vợ','1999-12-13','2100-01-01','Thường trú'),('093048073056','213','Chủ hộ','1964-12-31','2100-01-01','Thường trú'),('093103793075','167','Vợ','1998-11-06','2100-01-01','Thường trú'),('093156617204','22','Con','2010-12-30','2100-01-01','Thường trú'),('093353176953','178','Vợ','1999-11-24','2100-01-01','Thường trú'),('093427849601','183','Chủ hộ','1961-01-14','2100-01-01','Thường trú'),('093561347142','239','Con','2001-01-22','2100-01-01','Thường trú'),('093818546847','160','Chủ hộ','1968-05-27','2100-01-01','Thường trú'),('094061655170','202','Con','2006-11-15','2100-01-01','Thường trú'),('094100445008','64','Vợ','1998-08-14','2100-01-01','Thường trú'),('094104594133','85','Vợ','2000-12-31','2100-01-01','Thường trú'),('094111678841','220','Con','2003-09-29','2100-01-01','Thường trú'),('094278418815','218','Chủ hộ','1978-01-12','2100-01-01','Thường trú'),('094314186141','150','Con','2005-04-07','2100-01-01','Thường trú'),('094350041302','125','Chủ hộ','1972-01-03','2100-01-01','Thường trú'),('094590424430','31','Chủ hộ','1967-09-19','2100-01-01','Thường trú'),('094728822482','28','Vợ','1999-12-27','2100-01-01','Thường trú'),('094830724684','161','Con','2011-09-17','2100-01-01','Thường trú'),('094917744830','95','Con','2008-02-04','2100-01-01','Thường trú'),('094940979381','11','Vợ','2000-10-19','2100-01-01','Thường trú'),('095021808429','109','Con','2013-12-22','2100-01-01','Thường trú'),('095083666898','169','Con','2008-05-16','2100-01-01','Thường trú'),('095198264354','144','Vợ','1998-08-06','2100-01-01','Thường trú'),('095290069403','246','Vợ','1999-07-17','2100-01-01','Thường trú'),('095318562954','179','Con','2005-01-10','2100-01-01','Thường trú'),('095394462857','88','Con','2001-01-10','2100-01-01','Thường trú'),('095432003570','24','Vợ','2000-02-02','2100-01-01','Thường trú'),('095471524352','170','Vợ','1998-12-14','2100-01-01','Thường trú'),('095503321228','124','Con','2015-04-22','2100-01-01','Thường trú'),('095623682701','14','Con','2002-06-16','2100-01-01','Thường trú'),('095728128191','250','Con','2012-08-11','2100-01-01','Thường trú'),('096116543794','6','Vợ','1999-04-24','2100-01-01','Thường trú'),('096125410470','45','Vợ','1998-03-19','2100-01-01','Thường trú'),('096238164566','178','Con','2002-07-31','2100-01-01','Thường trú'),('096392774408','200','Con','2000-06-12','2100-01-01','Thường trú'),('096437151566','56','Vợ','1998-05-14','2100-01-01','Thường trú'),('096544629750','105','Vợ','1998-01-25','2100-01-01','Thường trú'),('096722894578','165','Chủ hộ','1962-08-25','2100-01-01','Thường trú'),('096897395442','105','Con','2012-05-31','2100-01-01','Thường trú'),('097057681257','222','Con','2010-08-18','2100-01-01','Thường trú'),('097136872968','206','Con','2004-11-07','2100-01-01','Thường trú'),('097323730425','223','Con','2003-04-22','2100-01-01','Thường trú'),('097344239172','98','Chủ hộ','1969-12-07','2100-01-01','Thường trú'),('097581227493','43','Con','2004-03-31','2100-01-01','Thường trú'),('097710604938','69','Vợ','1999-08-19','2100-01-01','Thường trú'),('097727754756','231','Con','2011-01-08','2100-01-01','Thường trú'),('097768599553','164','Con','2014-06-24','2100-01-01','Thường trú'),('097917409808','71','Vợ','1999-08-30','2100-01-01','Thường trú'),('098091340674','84','Vợ','1999-02-02','2100-01-01','Thường trú'),('098128790492','15','Con','2000-08-11','2100-01-01','Thường trú'),('098160504745','116','Con','2010-09-12','2100-01-01','Thường trú'),('098164287778','27','Vợ','2000-09-04','2100-01-01','Thường trú'),('098183166270','128','Con','2015-09-07','2100-01-01','Thường trú'),('098225021235','41','Chủ hộ','1962-12-27','2100-01-01','Thường trú'),('098285739046','220','Vợ','2000-08-31','2100-01-01','Thường trú'),('098441720712','124','Chủ hộ','1964-07-11','2100-01-01','Thường trú'),('098544548812','179','Chủ hộ','1978-02-13','2100-01-01','Thường trú'),('098696166050','33','Con','2012-04-09','2100-01-01','Thường trú'),('098914617478','79','Con','2011-07-10','2100-01-01','Thường trú'),('098915443803','112','Vợ','2000-06-18','2100-01-01','Thường trú'),('098962512647','66','Con','2005-08-04','2100-01-01','Thường trú'),('099162379391','91','Chủ hộ','1976-01-03','2100-01-01','Thường trú'),('099274837323','144','Con','2000-03-21','2100-01-01','Thường trú'),('099303888921','61','Chủ hộ','1977-08-21','2100-01-01','Thường trú'),('099578269044','129','Chủ hộ','1972-03-26','2100-01-01','Thường trú'),('099595219036','63','Chủ hộ','1975-10-06','2100-01-01','Thường trú'),('099604707799','61','Con','2014-10-28','2100-01-01','Thường trú'),('099928650270','54','Con','2005-12-30','2100-01-01','Thường trú');
/*!40000 ALTER TABLE `nhankhau_hokhau` ENABLE KEYS */;
UNLOCK TABLES;
/*!50003 SET @saved_cs_client      = @@character_set_client */ ;
/*!50003 SET @saved_cs_results     = @@character_set_results */ ;
/*!50003 SET @saved_col_connection = @@collation_connection */ ;
/*!50003 SET character_set_client  = utf8mb4 */ ;
/*!50003 SET character_set_results = utf8mb4 */ ;
/*!50003 SET collation_connection  = utf8mb4_0900_ai_ci */ ;
/*!50003 SET @saved_sql_mode       = @@sql_mode */ ;
/*!50003 SET sql_mode              = 'ONLY_FULL_GROUP_BY,STRICT_TRANS_TABLES,NO_ZERO_IN_DATE,NO_ZERO_DATE,ERROR_FOR_DIVISION_BY_ZERO,NO_ENGINE_SUBSTITUTION' */ ;
DELIMITER ;;
/*!50003 CREATE*/ /*!50017 DEFINER=`root`@`localhost`*/ /*!50003 TRIGGER `luuThayDoiForInsertNhanKhauHoKhau` AFTER INSERT ON `nhankhau_hokhau` FOR EACH ROW begin
	declare hotenNguoiThayDoi varchar(50);
    declare noidungthaydoi varchar(300);
    declare endDate varchar(10);
    if(new.NgayKetThuc = '2100-01-01') then set endDate = '';
    else set endDate = convert(new.NgayKetThuc,char);
    end if;
    select HoTen into hotenNguoiThayDoi from nhankhau where CCCD = new.NhanKhauID;
    
	if (new.LoaiLuuTru = N'Thường trú') then
        set noidungthaydoi = concat(N'Thêm thành viên ',hotenNguoiThayDoi,' (',new.NhanKhauID,N') từ ',convert(new.NgayBatDau,char),
										N' đến ',endDate);
		insert into ThayDoi (HoKhauID,NgayThayDoi,NoiDung) values (new.HoKhauID,curdate(),noidungthaydoi);
    elseif (new.LoaiLuuTru = N'Tạm trú') then
		set noidungthaydoi = concat(N'Thêm thành viên ',hotenNguoiThayDoi,' (',new.NhanKhauID,N') từ ',convert(new.NgayBatDau,char),
										N' đến ',endDate);
		insert into ThayDoi (HoKhauID,NgayThayDoi,NoiDung) values (new.HoKhauID,curdate(),noidungthaydoi);
    else
		set noidungthaydoi = concat(N'Thành viên ',hotenNguoiThayDoi,' (',new.NhanKhauID,N') tạm vắng từ ',convert(new.NgayBatDau,char),
										N' đến ',endDate);
		insert into ThayDoi (HoKhauID,NgayThayDoi,NoiDung) values (new.HoKhauID,curdate(),noidungthaydoi);
    end if;
end */;;
DELIMITER ;
/*!50003 SET sql_mode              = @saved_sql_mode */ ;
/*!50003 SET character_set_client  = @saved_cs_client */ ;
/*!50003 SET character_set_results = @saved_cs_results */ ;
/*!50003 SET collation_connection  = @saved_col_connection */ ;
/*!50003 SET @saved_cs_client      = @@character_set_client */ ;
/*!50003 SET @saved_cs_results     = @@character_set_results */ ;
/*!50003 SET @saved_col_connection = @@collation_connection */ ;
/*!50003 SET character_set_client  = utf8mb4 */ ;
/*!50003 SET character_set_results = utf8mb4 */ ;
/*!50003 SET collation_connection  = utf8mb4_0900_ai_ci */ ;
/*!50003 SET @saved_sql_mode       = @@sql_mode */ ;
/*!50003 SET sql_mode              = 'ONLY_FULL_GROUP_BY,STRICT_TRANS_TABLES,NO_ZERO_IN_DATE,NO_ZERO_DATE,ERROR_FOR_DIVISION_BY_ZERO,NO_ENGINE_SUBSTITUTION' */ ;
DELIMITER ;;
/*!50003 CREATE*/ /*!50017 DEFINER=`root`@`localhost`*/ /*!50003 TRIGGER `luuThayDoiForUpdateNhanKhauHoKhau` AFTER UPDATE ON `nhankhau_hokhau` FOR EACH ROW begin
	declare hotenNguoiThayDoi varchar(50);
    declare noidungthaydoi varchar(300);
    declare endDate varchar(10); 
    select HoTen into hotenNguoiThayDoi from nhankhau where CCCD = new.NhanKhauID;
    if(new.NgayKetThuc != old.NgayKetThuc) then 
		if(new.NgayKetThuc = curdate()) then 
			if(new.LoaiLuuTru = N'Tạm vắng') then 
				set noidungthaydoi = concat(N'Thành viên ',hotenNguoiThayDoi,' (',new.NhanKhauID,N') hết tạm vắng vào ngày ',convert(curdate(),char));
				insert into ThayDoi (HoKhauID,NgayThayDoi,NoiDung) values (new.HoKhauID,curdate(),noidungthaydoi);
			else 
				set noidungthaydoi = concat(N'Thành viên ',hotenNguoiThayDoi,' (',new.NhanKhauID,N') rời hộ vào ngày ',convert(curdate(),char));
				insert into ThayDoi (HoKhauID,NgayThayDoi,NoiDung) values (new.HoKhauID,curdate(),noidungthaydoi);
			end if;
		end if;
    end if;
end */;;
DELIMITER ;
/*!50003 SET sql_mode              = @saved_sql_mode */ ;
/*!50003 SET character_set_client  = @saved_cs_client */ ;
/*!50003 SET character_set_results = @saved_cs_results */ ;
/*!50003 SET collation_connection  = @saved_col_connection */ ;

--
-- Table structure for table `temp_hokhautable`
--

DROP TABLE IF EXISTS `temp_hokhautable`;
/*!40101 SET @saved_cs_client     = @@character_set_client */;
/*!50503 SET character_set_client = utf8mb4 */;
CREATE TABLE `temp_hokhautable` (
  `CCCD` varchar(12) NOT NULL,
  `HoTen` varchar(50) CHARACTER SET utf8mb3 COLLATE utf8mb3_general_ci DEFAULT NULL,
  `QuanHeChuHo` varchar(50) CHARACTER SET utf8mb3 COLLATE utf8mb3_general_ci DEFAULT NULL
) ENGINE=InnoDB DEFAULT CHARSET=utf8mb4 COLLATE=utf8mb4_0900_ai_ci;
/*!40101 SET character_set_client = @saved_cs_client */;

--
-- Dumping data for table `temp_hokhautable`
--

LOCK TABLES `temp_hokhautable` WRITE;
/*!40000 ALTER TABLE `temp_hokhautable` DISABLE KEYS */;
INSERT INTO `temp_hokhautable` VALUES ('012563063734','Nguyễn Ngọc Thanh Thi','Con'),('014193509559','Phạm Duy','Chủ hộ'),('028136210537','Phan Thị Kim Yến','Vợ'),('075853103581','Nguyễn Hoài Sơn','Con');
/*!40000 ALTER TABLE `temp_hokhautable` ENABLE KEYS */;
UNLOCK TABLES;

--
-- Table structure for table `thaydoi`
--

DROP TABLE IF EXISTS `thaydoi`;
/*!40101 SET @saved_cs_client     = @@character_set_client */;
/*!50503 SET character_set_client = utf8mb4 */;
CREATE TABLE `thaydoi` (
  `MaThayDoi` int NOT NULL AUTO_INCREMENT,
  `HoKhauID` varchar(50) NOT NULL,
  `NgayThayDoi` date NOT NULL,
  `NoiDung` varchar(300) CHARACTER SET utf8mb3 COLLATE utf8mb3_general_ci NOT NULL,
  PRIMARY KEY (`MaThayDoi`),
  KEY `fk_thaydoi_HoKhauID` (`HoKhauID`),
  CONSTRAINT `fk_thaydoi_HoKhauID` FOREIGN KEY (`HoKhauID`) REFERENCES `hokhau` (`SoHK`)
) ENGINE=InnoDB AUTO_INCREMENT=4 DEFAULT CHARSET=utf8mb4 COLLATE=utf8mb4_0900_ai_ci COMMENT='Lưu các thay đổi về nhân khẩu, hộ khẩu';
/*!40101 SET character_set_client = @saved_cs_client */;

--
-- Dumping data for table `thaydoi`
--

LOCK TABLES `thaydoi` WRITE;
/*!40000 ALTER TABLE `thaydoi` DISABLE KEYS */;
/*!40000 ALTER TABLE `thaydoi` ENABLE KEYS */;
UNLOCK TABLES;

--
-- Dumping events for database 'cnpm'
--

--
-- Dumping routines for database 'cnpm'
--
/*!50003 DROP FUNCTION IF EXISTS `age` */;
/*!50003 SET @saved_cs_client      = @@character_set_client */ ;
/*!50003 SET @saved_cs_results     = @@character_set_results */ ;
/*!50003 SET @saved_col_connection = @@collation_connection */ ;
/*!50003 SET character_set_client  = utf8mb4 */ ;
/*!50003 SET character_set_results = utf8mb4 */ ;
/*!50003 SET collation_connection  = utf8mb4_0900_ai_ci */ ;
/*!50003 SET @saved_sql_mode       = @@sql_mode */ ;
/*!50003 SET sql_mode              = 'ONLY_FULL_GROUP_BY,STRICT_TRANS_TABLES,NO_ZERO_IN_DATE,NO_ZERO_DATE,ERROR_FOR_DIVISION_BY_ZERO,NO_ENGINE_SUBSTITUTION' */ ;
DELIMITER ;;
CREATE DEFINER=`root`@`localhost` FUNCTION `age`(dob date) RETURNS int
BEGIN
	declare tmp int;
	declare age int;
	set tmp = year(curdate())-year(dob);
	if month(dob) > month(curdate()) or (month(dob) = month(curdate()) and day(dob) > day(curdate()))
	then set age = tmp - 1;
	else set age = tmp;
	end if;
	return age;
END ;;
DELIMITER ;
/*!50003 SET sql_mode              = @saved_sql_mode */ ;
/*!50003 SET character_set_client  = @saved_cs_client */ ;
/*!50003 SET character_set_results = @saved_cs_results */ ;
/*!50003 SET collation_connection  = @saved_col_connection */ ;
/*!50003 DROP FUNCTION IF EXISTS `chiphivesinh` */;
/*!50003 SET @saved_cs_client      = @@character_set_client */ ;
/*!50003 SET @saved_cs_results     = @@character_set_results */ ;
/*!50003 SET @saved_col_connection = @@collation_connection */ ;
/*!50003 SET character_set_client  = utf8mb4 */ ;
/*!50003 SET character_set_results = utf8mb4 */ ;
/*!50003 SET collation_connection  = utf8mb4_0900_ai_ci */ ;
/*!50003 SET @saved_sql_mode       = @@sql_mode */ ;
/*!50003 SET sql_mode              = 'ONLY_FULL_GROUP_BY,STRICT_TRANS_TABLES,NO_ZERO_IN_DATE,NO_ZERO_DATE,ERROR_FOR_DIVISION_BY_ZERO,NO_ENGINE_SUBSTITUTION' */ ;
DELIMITER ;;
CREATE DEFINER=`root`@`localhost` FUNCTION `chiphivesinh`(IDHo char(50),nam char(4)) RETURNS int
BEGIN
	declare sum int;
    declare loaiho varchar(45);
    declare sonhankhautrongthang int;
    declare songuoitamvangtrongthang int;
    declare ngaybatdautrongthang char(10);
	declare ngaycuoicungtrongthang char(10);
    set sum = 0;
    set loaiho = (select LoaiSo from hokhau where SoHK = IDHo);
    
    set ngaybatdautrongthang = concat(nam,'-01-01');
    set ngaycuoicungtrongthang = concat(nam,'-01-31');
    select count(distinct NhanKhauID) into sonhankhautrongthang from nhankhau_hokhau where LoaiLuuTru = loaiho and HoKhauID = IDHo 
		and ( (NgayBatDau <=  convert(ngaybatdautrongthang,date) and NgayKetThuc >=  convert(ngaybatdautrongthang,date))
			or (NgayBatDau >=  convert(ngaybatdautrongthang,date) and NgayKetThuc <=  convert(ngaycuoicungtrongthang,date))
            or (NgayKetThuc >=  convert(ngaycuoicungtrongthang,date) and NgayBatDau <=  convert(ngaycuoicungtrongthang,date)) );
	select count(distinct NhanKhauID) into songuoitamvangtrongthang from nhankhau_hokhau where LoaiLuuTru = N'Tạm vắng' and HoKhauID = IDHo 
		and NgayBatDau <  convert(ngaybatdautrongthang,date) and NgayKetThuc >=  convert(ngaycuoicungtrongthang,date);
	set sum = sum + sonhankhautrongthang - songuoitamvangtrongthang;
    
    set ngaybatdautrongthang = concat(nam,'-02-01');
    set ngaycuoicungtrongthang = concat(nam,'-02-28');
    select count(distinct NhanKhauID) into sonhankhautrongthang from nhankhau_hokhau where LoaiLuuTru = loaiho and HoKhauID = IDHo 
		and ( (NgayBatDau <=  convert(ngaybatdautrongthang,date) and NgayKetThuc >=  convert(ngaybatdautrongthang,date))
			or (NgayBatDau >=  convert(ngaybatdautrongthang,date) and NgayKetThuc <=  convert(ngaycuoicungtrongthang,date))
            or (NgayKetThuc >=  convert(ngaycuoicungtrongthang,date) and NgayBatDau <=  convert(ngaycuoicungtrongthang,date)) );
	select count(distinct NhanKhauID) into songuoitamvangtrongthang from nhankhau_hokhau where LoaiLuuTru = N'Tạm vắng' and HoKhauID = IDHo 
		and NgayBatDau <  convert(ngaybatdautrongthang,date) and NgayKetThuc >=  convert(ngaycuoicungtrongthang,date);
	set sum = sum + sonhankhautrongthang - songuoitamvangtrongthang;
    
    set ngaybatdautrongthang = concat(nam,'-03-01');
    set ngaycuoicungtrongthang = concat(nam,'-03-31');
    select count(distinct NhanKhauID) into sonhankhautrongthang from nhankhau_hokhau where LoaiLuuTru = loaiho and HoKhauID = IDHo 
		and ( (NgayBatDau <=  convert(ngaybatdautrongthang,date) and NgayKetThuc >=  convert(ngaybatdautrongthang,date))
			or (NgayBatDau >=  convert(ngaybatdautrongthang,date) and NgayKetThuc <=  convert(ngaycuoicungtrongthang,date))
            or (NgayKetThuc >=  convert(ngaycuoicungtrongthang,date) and NgayBatDau <=  convert(ngaycuoicungtrongthang,date)) );
	select count(distinct NhanKhauID) into songuoitamvangtrongthang from nhankhau_hokhau where LoaiLuuTru = N'Tạm vắng' and HoKhauID = IDHo 
		and NgayBatDau <  convert(ngaybatdautrongthang,date) and NgayKetThuc >=  convert(ngaycuoicungtrongthang,date);
	set sum = sum + sonhankhautrongthang - songuoitamvangtrongthang;
    
    set ngaybatdautrongthang = concat(nam,'-04-01');
    set ngaycuoicungtrongthang = concat(nam,'-04-30');
    select count(distinct NhanKhauID) into sonhankhautrongthang from nhankhau_hokhau where LoaiLuuTru = loaiho and HoKhauID = IDHo 
		and ( (NgayBatDau <=  convert(ngaybatdautrongthang,date) and NgayKetThuc >=  convert(ngaybatdautrongthang,date))
			or (NgayBatDau >=  convert(ngaybatdautrongthang,date) and NgayKetThuc <=  convert(ngaycuoicungtrongthang,date))
            or (NgayKetThuc >=  convert(ngaycuoicungtrongthang,date) and NgayBatDau <=  convert(ngaycuoicungtrongthang,date)) );
	select count(distinct NhanKhauID) into songuoitamvangtrongthang from nhankhau_hokhau where LoaiLuuTru = N'Tạm vắng' and HoKhauID = IDHo 
		and NgayBatDau <  convert(ngaybatdautrongthang,date) and NgayKetThuc >=  convert(ngaycuoicungtrongthang,date);
	set sum = sum + sonhankhautrongthang - songuoitamvangtrongthang;
    
    set ngaybatdautrongthang = concat(nam,'-05-01');
    set ngaycuoicungtrongthang = concat(nam,'-05-31');
    select count(distinct NhanKhauID) into sonhankhautrongthang from nhankhau_hokhau where LoaiLuuTru = loaiho and HoKhauID = IDHo 
		and ( (NgayBatDau <=  convert(ngaybatdautrongthang,date) and NgayKetThuc >=  convert(ngaybatdautrongthang,date))
			or (NgayBatDau >=  convert(ngaybatdautrongthang,date) and NgayKetThuc <=  convert(ngaycuoicungtrongthang,date))
            or (NgayKetThuc >=  convert(ngaycuoicungtrongthang,date) and NgayBatDau <=  convert(ngaycuoicungtrongthang,date)) );
	select count(distinct NhanKhauID) into songuoitamvangtrongthang from nhankhau_hokhau where LoaiLuuTru = N'Tạm vắng' and HoKhauID = IDHo 
		and NgayBatDau <  convert(ngaybatdautrongthang,date) and NgayKetThuc >=  convert(ngaycuoicungtrongthang,date);
	set sum = sum + sonhankhautrongthang - songuoitamvangtrongthang;
    
    set ngaybatdautrongthang = concat(nam,'-06-01');
    set ngaycuoicungtrongthang = concat(nam,'-06-30');
    select count(distinct NhanKhauID) into sonhankhautrongthang from nhankhau_hokhau where LoaiLuuTru = loaiho and HoKhauID = IDHo 
		and ( (NgayBatDau <=  convert(ngaybatdautrongthang,date) and NgayKetThuc >=  convert(ngaybatdautrongthang,date))
			or (NgayBatDau >=  convert(ngaybatdautrongthang,date) and NgayKetThuc <=  convert(ngaycuoicungtrongthang,date))
            or (NgayKetThuc >=  convert(ngaycuoicungtrongthang,date) and NgayBatDau <=  convert(ngaycuoicungtrongthang,date)) );
	select count(distinct NhanKhauID) into songuoitamvangtrongthang from nhankhau_hokhau where LoaiLuuTru = N'Tạm vắng' and HoKhauID = IDHo 
		and NgayBatDau <  convert(ngaybatdautrongthang,date) and NgayKetThuc >=  convert(ngaycuoicungtrongthang,date);
	set sum = sum + sonhankhautrongthang - songuoitamvangtrongthang;
    
    set ngaybatdautrongthang = concat(nam,'-07-01');
    set ngaycuoicungtrongthang = concat(nam,'-07-31');
    select count(distinct NhanKhauID) into sonhankhautrongthang from nhankhau_hokhau where LoaiLuuTru = loaiho and HoKhauID = IDHo 
		and ( (NgayBatDau <=  convert(ngaybatdautrongthang,date) and NgayKetThuc >=  convert(ngaybatdautrongthang,date))
			or (NgayBatDau >=  convert(ngaybatdautrongthang,date) and NgayKetThuc <=  convert(ngaycuoicungtrongthang,date))
            or (NgayKetThuc >=  convert(ngaycuoicungtrongthang,date) and NgayBatDau <=  convert(ngaycuoicungtrongthang,date)) );
	select count(distinct NhanKhauID) into songuoitamvangtrongthang from nhankhau_hokhau where LoaiLuuTru = N'Tạm vắng' and HoKhauID = IDHo 
		and NgayBatDau <  convert(ngaybatdautrongthang,date) and NgayKetThuc >=  convert(ngaycuoicungtrongthang,date);
	set sum = sum + sonhankhautrongthang - songuoitamvangtrongthang;
    
    set ngaybatdautrongthang = concat(nam,'-08-01');
    set ngaycuoicungtrongthang = concat(nam,'-08-31');
    select count(distinct NhanKhauID) into sonhankhautrongthang from nhankhau_hokhau where LoaiLuuTru = loaiho and HoKhauID = IDHo 
		and ( (NgayBatDau <=  convert(ngaybatdautrongthang,date) and NgayKetThuc >=  convert(ngaybatdautrongthang,date))
			or (NgayBatDau >=  convert(ngaybatdautrongthang,date) and NgayKetThuc <=  convert(ngaycuoicungtrongthang,date))
            or (NgayKetThuc >=  convert(ngaycuoicungtrongthang,date) and NgayBatDau <=  convert(ngaycuoicungtrongthang,date)) );
	select count(distinct NhanKhauID) into songuoitamvangtrongthang from nhankhau_hokhau where LoaiLuuTru = N'Tạm vắng' and HoKhauID = IDHo 
		and NgayBatDau <  convert(ngaybatdautrongthang,date) and NgayKetThuc >=  convert(ngaycuoicungtrongthang,date);
	set sum = sum + sonhankhautrongthang - songuoitamvangtrongthang;
    
    set ngaybatdautrongthang = concat(nam,'-09-01');
    set ngaycuoicungtrongthang = concat(nam,'-09-30');
    select count(distinct NhanKhauID) into sonhankhautrongthang from nhankhau_hokhau where LoaiLuuTru = loaiho and HoKhauID = IDHo 
		and ( (NgayBatDau <=  convert(ngaybatdautrongthang,date) and NgayKetThuc >=  convert(ngaybatdautrongthang,date))
			or (NgayBatDau >=  convert(ngaybatdautrongthang,date) and NgayKetThuc <=  convert(ngaycuoicungtrongthang,date))
            or (NgayKetThuc >=  convert(ngaycuoicungtrongthang,date) and NgayBatDau <=  convert(ngaycuoicungtrongthang,date)) );
	select count(distinct NhanKhauID) into songuoitamvangtrongthang from nhankhau_hokhau where LoaiLuuTru = N'Tạm vắng' and HoKhauID = IDHo 
		and NgayBatDau <  convert(ngaybatdautrongthang,date) and NgayKetThuc >=  convert(ngaycuoicungtrongthang,date);
	set sum = sum + sonhankhautrongthang - songuoitamvangtrongthang;
    
    set ngaybatdautrongthang = concat(nam,'-10-01');
    set ngaycuoicungtrongthang = concat(nam,'-10-31');
    select count(distinct NhanKhauID) into sonhankhautrongthang from nhankhau_hokhau where LoaiLuuTru = loaiho and HoKhauID = IDHo 
		and ( (NgayBatDau <=  convert(ngaybatdautrongthang,date) and NgayKetThuc >=  convert(ngaybatdautrongthang,date))
			or (NgayBatDau >=  convert(ngaybatdautrongthang,date) and NgayKetThuc <=  convert(ngaycuoicungtrongthang,date))
            or (NgayKetThuc >=  convert(ngaycuoicungtrongthang,date) and NgayBatDau <=  convert(ngaycuoicungtrongthang,date)) );
	select count(distinct NhanKhauID) into songuoitamvangtrongthang from nhankhau_hokhau where LoaiLuuTru = N'Tạm vắng' and HoKhauID = IDHo 
		and NgayBatDau <  convert(ngaybatdautrongthang,date) and NgayKetThuc >=  convert(ngaycuoicungtrongthang,date);
	set sum = sum + sonhankhautrongthang - songuoitamvangtrongthang;
    
    set ngaybatdautrongthang = concat(nam,'-11-01');
    set ngaycuoicungtrongthang = concat(nam,'-11-31');
    select count(distinct NhanKhauID) into sonhankhautrongthang from nhankhau_hokhau where LoaiLuuTru = loaiho and HoKhauID = IDHo 
		and ( (NgayBatDau <=  convert(ngaybatdautrongthang,date) and NgayKetThuc >=  convert(ngaybatdautrongthang,date))
			or (NgayBatDau >=  convert(ngaybatdautrongthang,date) and NgayKetThuc <=  convert(ngaycuoicungtrongthang,date))
            or (NgayKetThuc >=  convert(ngaycuoicungtrongthang,date) and NgayBatDau <=  convert(ngaycuoicungtrongthang,date)) );
	select count(distinct NhanKhauID) into songuoitamvangtrongthang from nhankhau_hokhau where LoaiLuuTru = N'Tạm vắng' and HoKhauID = IDHo 
		and NgayBatDau <  convert(ngaybatdautrongthang,date) and NgayKetThuc >=  convert(ngaycuoicungtrongthang,date);
	set sum = sum + sonhankhautrongthang - songuoitamvangtrongthang;
    
    set ngaybatdautrongthang = concat(nam,'-12-01');
    set ngaycuoicungtrongthang = concat(nam,'-12-31');
    select count(distinct NhanKhauID) into sonhankhautrongthang from nhankhau_hokhau where LoaiLuuTru = loaiho and HoKhauID = IDHo 
		and ( (NgayBatDau <=  convert(ngaybatdautrongthang,date) and NgayKetThuc >=  convert(ngaybatdautrongthang,date))
			or (NgayBatDau >=  convert(ngaybatdautrongthang,date) and NgayKetThuc <=  convert(ngaycuoicungtrongthang,date))
            or (NgayKetThuc >=  convert(ngaycuoicungtrongthang,date) and NgayBatDau <=  convert(ngaycuoicungtrongthang,date)) );
	select count(distinct NhanKhauID) into songuoitamvangtrongthang from nhankhau_hokhau where LoaiLuuTru = N'Tạm vắng' and HoKhauID = IDHo 
		and NgayBatDau <  convert(ngaybatdautrongthang,date) and NgayKetThuc >=  convert(ngaycuoicungtrongthang,date);
	set sum = sum + sonhankhautrongthang - songuoitamvangtrongthang;
    
    return sum * 6000;
END ;;
DELIMITER ;
/*!50003 SET sql_mode              = @saved_sql_mode */ ;
/*!50003 SET character_set_client  = @saved_cs_client */ ;
/*!50003 SET character_set_results = @saved_cs_results */ ;
/*!50003 SET collation_connection  = @saved_col_connection */ ;
/*!50003 DROP PROCEDURE IF EXISTS `tonghopphivesinh` */;
/*!50003 SET @saved_cs_client      = @@character_set_client */ ;
/*!50003 SET @saved_cs_results     = @@character_set_results */ ;
/*!50003 SET @saved_col_connection = @@collation_connection */ ;
/*!50003 SET character_set_client  = utf8mb4 */ ;
/*!50003 SET character_set_results = utf8mb4 */ ;
/*!50003 SET collation_connection  = utf8mb4_0900_ai_ci */ ;
/*!50003 SET @saved_sql_mode       = @@sql_mode */ ;
/*!50003 SET sql_mode              = 'ONLY_FULL_GROUP_BY,STRICT_TRANS_TABLES,NO_ZERO_IN_DATE,NO_ZERO_DATE,ERROR_FOR_DIVISION_BY_ZERO,NO_ENGINE_SUBSTITUTION' */ ;
DELIMITER ;;
CREATE DEFINER=`root`@`localhost` PROCEDURE `tonghopphivesinh`(idphi int,nam char(4))
BEGIN
	insert into dongphi(IDPhi,HoKhauID,DaDong,PhaiDong) 
		select idphi,SoHK,0,chiphivesinh(SoHK,nam)
        from hokhau
        where deleted = 0;
END ;;
DELIMITER ;
/*!50003 SET sql_mode              = @saved_sql_mode */ ;
/*!50003 SET character_set_client  = @saved_cs_client */ ;
/*!50003 SET character_set_results = @saved_cs_results */ ;
/*!50003 SET collation_connection  = @saved_col_connection */ ;
/*!40103 SET TIME_ZONE=@OLD_TIME_ZONE */;

/*!40101 SET SQL_MODE=@OLD_SQL_MODE */;
/*!40014 SET FOREIGN_KEY_CHECKS=@OLD_FOREIGN_KEY_CHECKS */;
/*!40014 SET UNIQUE_CHECKS=@OLD_UNIQUE_CHECKS */;
/*!40101 SET CHARACTER_SET_CLIENT=@OLD_CHARACTER_SET_CLIENT */;
/*!40101 SET CHARACTER_SET_RESULTS=@OLD_CHARACTER_SET_RESULTS */;
/*!40101 SET COLLATION_CONNECTION=@OLD_COLLATION_CONNECTION */;
/*!40111 SET SQL_NOTES=@OLD_SQL_NOTES */;

-- Dump completed on 2023-12-22  0:26:45
